USE amt;
DELETE FROM amt.course_pre_requisite WHERE pre_requisite_id > 0;
DELETE FROM amt.course_reference WHERE reference_id > 0;
DELETE FROM amt.course WHERE created_by > 0;
DELETE FROM amt.users WHERE user_id > 10;

INSERT INTO users (user_id, first_name, last_name, user_name, password, email, role, creation_date) VALUES ('1821', 'Barbara Ball', 'Merlin Booker', 'adalberto.bailey', 'c621728b357db06ac29fd95e15db5932', 'bryan.dominguez@example.com', 'St', '2017-11-12 05:34:03');
INSERT INTO users (user_id, first_name, last_name, user_name, password, email, role, creation_date) VALUES ('1179', 'Jasper Jarvis', 'Lewis Dudley', 'kamille.streich', '51055303c02624f38fb0d7d7d7ce3c85', 'jonas.bell@example.com', 'St', '2017-02-05 01:08:46');
INSERT INTO users (user_id, first_name, last_name, user_name, password, email, role, creation_date) VALUES ('1460', 'Bernardo Irwin', 'Noelle Burton', 'vernon.turner', '4037f6db54c576198da812531d337bea', 'earnest.hicks@example.com', 'St', '2017-08-11 08:28:14');
INSERT INTO users (user_id, first_name, last_name, user_name, password, email, role, creation_date) VALUES ('1966', 'Gary O''Connor', 'Melanie Hull', 'concepcion.walter', '6cfc55ee30d5a367fafa9fc53aa29604', 'tameka.burris@example.com', 'St', '2017-03-19 09:35:06');
INSERT INTO users (user_id, first_name, last_name, user_name, password, email, role, creation_date) VALUES ('1625', 'Patty O''Donnell', 'Helga Dickerson', 'arlene.hudson', 'c91b4a868ef2f16287d262e99a21d3b2', 'elva.giles@example.com', 'St', '2017-09-02 06:18:27');
INSERT INTO users (user_id, first_name, last_name, user_name, password, email, role, creation_date) VALUES ('611', 'Darrell Hall', 'Danial Stone', 'albina.gislason', '1c3bb4eaf476e751b6d1aaa497d5d5f4', 'caleb.boyd@example.com', 'St', '2016-11-17 08:30:44');
INSERT INTO users (user_id, first_name, last_name, user_name, password, email, role, creation_date) VALUES ('1828', 'Lucien Franklin', 'Mark Frye', 'bria.corwin', '7198070e69d87d754032c430ec53f89e', 'blair.french@example.com', 'St', '2016-11-05 07:08:12');
INSERT INTO users (user_id, first_name, last_name, user_name, password, email, role, creation_date) VALUES ('1654', 'Elba Sullivan', 'Muriel Good', 'sienna.johnston', 'e796d04091a94163c3011ef656431947', 'antoine.blackburn@example.com', 'St', '2016-12-13 09:09:48');
INSERT INTO users (user_id, first_name, last_name, user_name, password, email, role, creation_date) VALUES ('1508', 'Dewey Bowen', 'Dean Carver', 'adrien.schumm', '21befcfa2efb8672b8c7049d815e1156', 'fran.alvarez@example.com', 'St', '2017-06-22 06:11:39');
INSERT INTO users (user_id, first_name, last_name, user_name, password, email, role, creation_date) VALUES ('1297', 'Ruthie Peck', 'Jill Barker', 'kristin.bogisich', '9329603f0e73d6e00754ade863d6e561', 'jeff.trevino@example.com', 'Tu', '2016-10-31 08:33:36');
INSERT INTO users (user_id, first_name, last_name, user_name, password, email, role, creation_date) VALUES ('262', 'Minnie Hardin', 'Sheryl Dudley', 'chesley.sipes', 'aff7b2e7023443fc5830593c17728f70', 'araceli.phillips@example.com', 'St', '2017-04-15 09:31:45');
INSERT INTO users (user_id, first_name, last_name, user_name, password, email, role, creation_date) VALUES ('1503', 'Katrina Snyder', 'Eileen McConnel', 'dahlia.considine', '68672a9b4a323458e468e6bb9668106a', 'anna.richards@example.com', 'St', '2016-12-01 12:16:49');
INSERT INTO users (user_id, first_name, last_name, user_name, password, email, role, creation_date) VALUES ('852', 'Jodi Frazier', 'Morgan Giles', 'kelley.beier', '5547e874749e8998a9433461d550a60f', 'emma.lawrence@example.com', 'St', '2017-06-01 02:28:09');
INSERT INTO users (user_id, first_name, last_name, user_name, password, email, role, creation_date) VALUES ('812', 'Johanna Cruz', 'Marylou McCarty', 'zane.renner', 'ce168b7b604fd21c067128b6ebd78b80', 'eduardo.marquez@example.com', 'Tu', '2017-10-02 04:37:37');
INSERT INTO users (user_id, first_name, last_name, user_name, password, email, role, creation_date) VALUES ('1188', 'Rubin Whitfield', 'Abdul Welch', 'soledad.franecki', '30387cbc33f76d7d5a99f868591bc233', 'marianne.terrell@example.com', 'St', '2017-01-27 07:57:28');
INSERT INTO users (user_id, first_name, last_name, user_name, password, email, role, creation_date) VALUES ('1528', 'Caroline Guthri', 'Jarrett Rodgers', 'alvina.herman', '89e91e7ae46ede20bd3c677b993c4d17', 'rosemary.dominguez@example.com', 'Tu', '2017-10-26 11:36:01');
INSERT INTO users (user_id, first_name, last_name, user_name, password, email, role, creation_date) VALUES ('562', 'Leigh Colon', 'Mari Martinez', 'alda.mcdermott', '4d2f1fb6a2733b9134f6b45d0bc50e7e', 'omar.chang@example.com', 'Tu', '2016-12-01 11:42:50');
INSERT INTO users (user_id, first_name, last_name, user_name, password, email, role, creation_date) VALUES ('298', 'Roseann Shields', 'Desmond King', 'anabel.willms', '9ac4222c3342a58e21ffca7f6d806a8e', 'johnnie.payne@example.com', 'St', '2017-05-16 06:54:23');
INSERT INTO users (user_id, first_name, last_name, user_name, password, email, role, creation_date) VALUES ('1208', 'Lynnette Lyons', 'Salvatore Kinne', 'russ.roob', '348308f8116796d894cf4a380ed06818', 'crystal.cruz@example.com', 'Tu', '2016-11-27 02:45:29');
INSERT INTO users (user_id, first_name, last_name, user_name, password, email, role, creation_date) VALUES ('1793', 'Shawn Gould', 'Wiley O''Connor', 'jeffery.schowalter', '4e2db1bc6059c59a563f76431f409a85', 'joaquin.carlson@example.com', 'St', '2017-09-22 06:47:00');
INSERT INTO users (user_id, first_name, last_name, user_name, password, email, role, creation_date) VALUES ('1721', 'Savannah Hines', 'Irwin Ball', 'scottie.auer', '69d16b8043f08a3a6d7afa5d32e770b4', 'les.paul@example.com', 'St', '2017-01-28 12:30:28');
INSERT INTO users (user_id, first_name, last_name, user_name, password, email, role, creation_date) VALUES ('934', 'Vicki Reynolds', 'Loren Vasquez', 'jordyn.friesen', '1f0ecd246f87337f9b62c1936fb0a7e1', 'reba.anderson@example.com', 'Tu', '2017-04-17 07:25:53');
INSERT INTO users (user_id, first_name, last_name, user_name, password, email, role, creation_date) VALUES ('1325', 'Lilian Peck', 'Arnulfo Doyle', 'ezequiel.mclaughlin', '1a71338a092c4cdfa9c1ff067ddfe798', 'sandy.murray@example.com', 'Tu', '2017-04-11 12:51:12');
INSERT INTO users (user_id, first_name, last_name, user_name, password, email, role, creation_date) VALUES ('925', 'Kermit Le', 'Patsy Mendez', 'salvador.lueilwitz', 'f8fa95537ded815f32d32aaa63f431f1', 'eddie.kramer@example.com', 'St', '2017-08-26 11:14:30');
INSERT INTO users (user_id, first_name, last_name, user_name, password, email, role, creation_date) VALUES ('1878', 'Sammie Bullock', 'Cleo Dyer', 'derek.pagac', '70b2162dd9299cba97d58df61ea46491', 'orville.puckett@example.com', 'Tu', '2017-10-12 06:39:10');
INSERT INTO users (user_id, first_name, last_name, user_name, password, email, role, creation_date) VALUES ('1611', 'Adolph Hopper', 'Brenda Glover', 'verla.hartmann', '3ded6aef3b43e8212eac3eafa4af42f8', 'hunter.mejia@example.com', 'St', '2016-11-29 10:59:58');
INSERT INTO users (user_id, first_name, last_name, user_name, password, email, role, creation_date) VALUES ('1970', 'Corine Marquez', 'Antwan Anthony', 'armando.rodriguez', '8e59fb1cdae6d65878b0f04dfcc089f2', 'corine.zimmerman@example.com', 'Tu', '2017-04-12 03:27:49');
INSERT INTO users (user_id, first_name, last_name, user_name, password, email, role, creation_date) VALUES ('577', 'Whitney Rogers', 'Candace McKee', 'braeden.willms', 'fb85706d15e637de4c36024b8029dd05', 'tiffany.david@example.com', 'Tu', '2017-09-15 03:45:11');
INSERT INTO users (user_id, first_name, last_name, user_name, password, email, role, creation_date) VALUES ('345', 'Dwight Byers', 'Bryan Warner', 'keenan.jast', '0fa6f3bdf25c683c95e6d973f001e6c2', 'erna.manning@example.com', 'Tu', '2017-09-10 10:35:01');
INSERT INTO users (user_id, first_name, last_name, user_name, password, email, role, creation_date) VALUES ('630', 'Warren Shaffer', 'Ezra Gilmore', 'alvina.wilkinson', '48aa54a3a7387db9791119c9ce1c76be', 'wyatt.howe@example.com', 'Tu', '2017-03-07 08:58:13');
INSERT INTO users (user_id, first_name, last_name, user_name, password, email, role, creation_date) VALUES ('2054', 'Eddie Rice', 'Stella Wagner', 'lupe.hoppe', 'd1e3f7883e828bb91d2da85643bb865f', 'matilda.chan@example.com', 'Tu', '2017-11-22 03:02:59');
INSERT INTO users (user_id, first_name, last_name, user_name, password, email, role, creation_date) VALUES ('1683', 'Drew Ferguson', 'Leopoldo Baxter', 'maximilian.bartoletti', 'eb6500ec418ebbce255ec77268600b5f', 'margarito.key@example.com', 'St', '2017-09-14 06:30:36');
INSERT INTO users (user_id, first_name, last_name, user_name, password, email, role, creation_date) VALUES ('1843', 'Stefanie Hinton', 'Kathy Hyde', 'adela.jenkins', '91251acae478ab351c3a50a7a391fdaa', 'abby.pitts@example.com', 'St', '2017-02-10 04:37:49');
INSERT INTO users (user_id, first_name, last_name, user_name, password, email, role, creation_date) VALUES ('791', 'Erik Terry', 'Adrienne Rojas', 'lew.donnelly', 'fc188b81fd91e6c74557f6d4f64d5d7a', 'damien.velasquez@example.com', 'Tu', '2017-07-19 03:17:44');
INSERT INTO users (user_id, first_name, last_name, user_name, password, email, role, creation_date) VALUES ('909', 'Elsa McKenzie', 'Effie Merritt', 'rudolph.russel', 'd55d73df1d994eb0261e9a33b17dbeca', 'sonja.bailey@example.com', 'Tu', '2017-03-13 12:31:06');
INSERT INTO users (user_id, first_name, last_name, user_name, password, email, role, creation_date) VALUES ('1739', 'Jackie Whitaker', 'Erma Joyce', 'grace.douglas', '2352169573aab923e4d4bd11e3cd1976', 'lynn.rowland@example.com', 'Tu', '2017-04-21 06:53:34');
INSERT INTO users (user_id, first_name, last_name, user_name, password, email, role, creation_date) VALUES ('1254', 'Brianna Cohen', 'Rocky Clark', 'mattie.vonrueden', 'a7618d0dbc15e765af39b4b64ec1fad3', 'ivan.serrano@example.com', 'Tu', '2017-12-13 09:04:39');
INSERT INTO users (user_id, first_name, last_name, user_name, password, email, role, creation_date) VALUES ('528', 'Lela Stark', 'Jackie Caldwell', 'loyal.bode', '1645017bd01ca8f23dcd691c6792ffec', 'armando.oliver@example.com', 'Tu', '2017-10-19 02:13:05');
INSERT INTO users (user_id, first_name, last_name, user_name, password, email, role, creation_date) VALUES ('617', 'Neva Tucker', 'Elmo Richardson', 'cory.eichmann', '16d35235dd9bc37f19738d713762a8b0', 'junior.rojas@example.com', 'Tu', '2017-10-21 09:44:52');
INSERT INTO users (user_id, first_name, last_name, user_name, password, email, role, creation_date) VALUES ('1492', 'Rosa Boyle', 'Opal Moon', 'shanna.nitzsche', 'f2f61eba72b2c3408b4bad5e79f45607', 'erik.bishop@example.com', 'Tu', '2017-06-12 11:51:06');
INSERT INTO users (user_id, first_name, last_name, user_name, password, email, role, creation_date) VALUES ('379', 'Booker Vinson', 'Iva Cohen', 'emie.terry', '924182ddad953b4e7c3c089b3ebbfe5e', 'jorge.cash@example.com', 'St', '2017-02-14 09:59:32');
INSERT INTO users (user_id, first_name, last_name, user_name, password, email, role, creation_date) VALUES ('1737', 'Thomas Mercado', 'Ervin Flowers', 'kristoffer.kuhn', 'dc7bb1ba33a5aa1a5f834296e56c2aac', 'hung.summers@example.com', 'St', '2017-01-24 01:17:44');
INSERT INTO users (user_id, first_name, last_name, user_name, password, email, role, creation_date) VALUES ('1101', 'Tricia Hunter', 'Joey Frye', 'amanda.emmerich', '66ece330d70d730dacb0a9ed38d4209f', 'jacqueline.merritt@example.com', 'St', '2017-02-14 08:33:24');
INSERT INTO users (user_id, first_name, last_name, user_name, password, email, role, creation_date) VALUES ('271', 'Elliott Rosales', 'Philip Johnston', 'arvilla.pfeffer', '467980a7cfa0cda4213e8e6ee8a9601a', 'ronda.melton@example.com', 'St', '2017-09-06 01:38:21');
INSERT INTO users (user_id, first_name, last_name, user_name, password, email, role, creation_date) VALUES ('1781', 'Lucinda Aguilar', 'Shana Bernard', 'dante.volkman', '24858d8d97c5c627a0f8529641252949', 'dominic.schwartz@example.com', 'St', '2017-07-25 02:36:11');
INSERT INTO users (user_id, first_name, last_name, user_name, password, email, role, creation_date) VALUES ('1775', 'Jack Luna', 'Riley Marks', 'jena.jenkins', '7dc4bd80eb69ea1fe8c148f3bd02bf1d', 'jarrod.tate@example.com', 'St', '2016-11-26 03:24:45');
INSERT INTO users (user_id, first_name, last_name, user_name, password, email, role, creation_date) VALUES ('1477', 'Randell Nichols', 'Elba Rivera', 'susanna.moen', '70aa6219dd65a61d1054e0d8ead59f38', 'shawna.glover@example.com', 'St', '2017-02-06 08:21:48');
INSERT INTO users (user_id, first_name, last_name, user_name, password, email, role, creation_date) VALUES ('955', 'Ida Underwood', 'Irvin Faulkner', 'christa.fritsch', '51b90861e97d56b3a5ccf229fd27d7d0', 'tamera.callahan@example.com', 'St', '2017-03-04 04:54:30');
INSERT INTO users (user_id, first_name, last_name, user_name, password, email, role, creation_date) VALUES ('1617', 'Herbert Prince', 'Gretchen Curtis', 'michaela.monahan', '5bd7a394df3678dbf4cedfa2d8d10cf1', 'merlin.reilly@example.com', 'St', '2017-08-30 07:32:54');
INSERT INTO users (user_id, first_name, last_name, user_name, password, email, role, creation_date) VALUES ('1321', 'Antonio Kane', 'Phyllis Guy', 'oda.olson', '83635b48ed601115ec8f3264bf102abc', 'annabelle.meyers@example.com', 'St', '2017-11-30 12:16:50');
INSERT INTO users (user_id, first_name, last_name, user_name, password, email, role, creation_date) VALUES ('1264', 'Elbert Potter', 'Antwan Parks', 'jerod.cassin', '0bcd1dc81840be048ac1c5a3c8ac883c', 'edna.hogan@example.com', 'St', '2017-04-20 07:13:31');
INSERT INTO users (user_id, first_name, last_name, user_name, password, email, role, creation_date) VALUES ('807', 'Rosemary Velasq', 'Houston Maldona', 'shea.doyle', '0f1de862379a1f083de9bfe9071e4278', 'luther.hopper@example.com', 'St', '2016-12-01 01:14:06');
INSERT INTO users (user_id, first_name, last_name, user_name, password, email, role, creation_date) VALUES ('1768', 'Maribel Huffman', 'Dusty Mayo', 'yazmin.williamson', 'ab4134b804862b188311571a48972c5e', 'grover.griffith@example.com', 'St', '2017-10-12 06:22:02');
INSERT INTO users (user_id, first_name, last_name, user_name, password, email, role, creation_date) VALUES ('889', 'Elbert Christia', 'Vito Farrell', 'kristy.stoltenberg', '1fa12a6a03e66bf28ee3d5183b38665e', 'annette.ingram@example.com', 'St', '2017-12-08 11:26:32');
INSERT INTO users (user_id, first_name, last_name, user_name, password, email, role, creation_date) VALUES ('1018', 'Isabel Vinson', 'Rosario Weber', 'jesus.hegmann', '79ad9b07c3a28d31c86299eb292f2ec2', 'denver.dominguez@example.com', 'St', '2017-07-17 02:21:11');
INSERT INTO users (user_id, first_name, last_name, user_name, password, email, role, creation_date) VALUES ('1866', 'Mia Ball', 'Brandy Clevelan', 'ricardo.blanda', '163e2fa46ead4818edea06ad0e92afcc', 'carl.wyatt@example.com', 'St', '2017-06-28 01:13:47');
INSERT INTO users (user_id, first_name, last_name, user_name, password, email, role, creation_date) VALUES ('711', 'Aileen Long', 'Aisha Jackson', 'vita.effertz', '7a2568df57feb40775668af5ddfbe551', 'millard.burns@example.com', 'St', '2017-04-27 04:57:24');
INSERT INTO users (user_id, first_name, last_name, user_name, password, email, role, creation_date) VALUES ('1800', 'Carey Griffith', 'Ralph Brennan', 'sanford.feest', '3460b66ccff67cf9e3725c393d10c671', 'brock.harding@example.com', 'St', '2017-02-09 08:47:10');
INSERT INTO users (user_id, first_name, last_name, user_name, password, email, role, creation_date) VALUES ('1569', 'Andrea Mathews', 'Alma Franklin', 'westley.schultz', 'baccf7a216405c325ed2961c7a19047a', 'cory.lott@example.com', 'St', '2017-07-05 06:36:23');
INSERT INTO users (user_id, first_name, last_name, user_name, password, email, role, creation_date) VALUES ('1934', 'Davis Conner', 'Simone Puckett', 'katlyn.beier', '761ba8c20490c6b2c552d22c40545f3d', 'lynette.owens@example.com', 'St', '2016-11-24 06:24:22');
INSERT INTO users (user_id, first_name, last_name, user_name, password, email, role, creation_date) VALUES ('444', 'Lucio Mooney', 'Jamel Emerson', 'deborah.schumm', '732bc2f584922494c0d4f47bbc88225d', 'philip.ball@example.com', 'St', '2017-04-27 08:52:43');
INSERT INTO users (user_id, first_name, last_name, user_name, password, email, role, creation_date) VALUES ('376', 'Staci Barron', 'Flossie Gallagh', 'evangeline.dibbert', '85b48fab9161d2f856fb2ca972de4328', 'stan.bender@example.com', 'St', '2016-10-31 07:37:32');
INSERT INTO users (user_id, first_name, last_name, user_name, password, email, role, creation_date) VALUES ('1577', 'Gerardo Horn', 'Keith Taylor', 'gregorio.watsica', '00a42c0aef3d4bdf3679e61490f171cb', 'kurtis.snow@example.com', 'St', '2017-01-13 01:38:38');
INSERT INTO users (user_id, first_name, last_name, user_name, password, email, role, creation_date) VALUES ('1830', 'Serena Castaned', 'Armando Donovan', 'kareem.nikolaus', '70456200fbd3261b237903a1f15bc71b', 'rex.vasquez@example.com', 'St', '2017-07-21 01:09:36');
INSERT INTO users (user_id, first_name, last_name, user_name, password, email, role, creation_date) VALUES ('1908', 'Adele Stewart', 'Kirby Charles', 'sasha.bednar', 'ad77872fdd302fe7980837ca0fb1137b', 'kellie.duran@example.com', 'St', '2017-09-29 01:13:55');
INSERT INTO users (user_id, first_name, last_name, user_name, password, email, role, creation_date) VALUES ('1720', 'Burt Yates', 'Liz Skinner', 'karelle.dickinson', '3bfdf7125e0cc3e40fb1e1fbe4180551', 'nicolas.shannon@example.com', 'St', '2017-03-04 01:48:10');
INSERT INTO users (user_id, first_name, last_name, user_name, password, email, role, creation_date) VALUES ('1446', 'Maxwell Bass', 'Alexis Copeland', 'enola.bailey', '5fc63a1fc1434ad737ea00353f50d7e4', 'karl.mcmahon@example.com', 'St', '2017-04-03 10:18:42');
INSERT INTO users (user_id, first_name, last_name, user_name, password, email, role, creation_date) VALUES ('1932', 'Orville Nichols', 'Lilian Dickson', 'reece.kreiger', 'ec6cdedbcb979e32ea822cf966fa164c', 'ken.flynn@example.com', 'St', '2017-06-03 06:41:56');
INSERT INTO users (user_id, first_name, last_name, user_name, password, email, role, creation_date) VALUES ('452', 'Darwin Middleto', 'Sophie Nguyen', 'marina.johns', '73c933955d6ba2a8177ea10e83fbdeda', 'johnathon.warner@example.com', 'St', '2017-11-18 09:46:48');
INSERT INTO users (user_id, first_name, last_name, user_name, password, email, role, creation_date) VALUES ('523', 'Bret Price', 'Joyce Preston', 'flossie.miller', 'a91629b36383e96871d8cc2c535b2ed4', 'may.parrish@example.com', 'St', '2017-04-15 02:17:46');
INSERT INTO users (user_id, first_name, last_name, user_name, password, email, role, creation_date) VALUES ('201', 'Martina Cervant', 'Lowell Gonzales', 'braxton.cummings', '7f142d8b47c796e93c6500c8efbf4b9a', 'helen.roy@example.com', 'St', '2017-01-08 06:17:07');
INSERT INTO users (user_id, first_name, last_name, user_name, password, email, role, creation_date) VALUES ('627', 'Linwood Hoffman', 'Jeffrey Salas', 'daisy.wintheiser', '47036ffeea4b71f0a2697a38db19b4be', 'claudia.sheppard@example.com', 'St', '2017-02-17 04:03:44');
INSERT INTO users (user_id, first_name, last_name, user_name, password, email, role, creation_date) VALUES ('1744', 'Tamika Fisher', 'Amie Valencia', 'libbie.batz', '3608f1e9f20c781ee83260061c86c5d7', 'lenore.kaufman@example.com', 'St', '2017-11-06 09:58:13');
INSERT INTO users (user_id, first_name, last_name, user_name, password, email, role, creation_date) VALUES ('494', 'Kathy McCoy', 'Cesar Yates', 'kaylah.paucek', 'bfd0d3e443e17719483a9f5570390027', 'lori.rosario@example.com', 'St', '2017-01-23 11:04:15');
INSERT INTO users (user_id, first_name, last_name, user_name, password, email, role, creation_date) VALUES ('1237', 'Raymundo Blackb', 'Galen Mills', 'charlene.dooley', '0d1801c7194e65828701e1daee53538f', 'benita.hickman@example.com', 'St', '2017-01-31 11:17:42');
INSERT INTO users (user_id, first_name, last_name, user_name, password, email, role, creation_date) VALUES ('1496', 'Jay Ayala', 'Chris Powers', 'lionel.goodwin', '15a7e8a72750a8ae2030331fc4ee26bc', 'jame.larsen@example.com', 'St', '2017-11-02 07:53:18');
INSERT INTO users (user_id, first_name, last_name, user_name, password, email, role, creation_date) VALUES ('664', 'Errol Spencer', 'Demetrius Valen', 'kariane.willms', 'bba353db0108c4433ce303b5dd76b4b2', 'sidney.nelson@example.com', 'St', '2017-02-13 03:33:30');
INSERT INTO users (user_id, first_name, last_name, user_name, password, email, role, creation_date) VALUES ('1755', 'Tracy Ashley', 'Alberto Church', 'alden.kuhic', '057d920fbb616692f5243cd31fbb0618', 'summer.ferguson@example.com', 'St', '2017-06-30 04:58:17');
INSERT INTO users (user_id, first_name, last_name, user_name, password, email, role, creation_date) VALUES ('1368', 'Cary Chambers', 'Bruce Byers', 'ed.schneider', 'a2e14031ec164c52032490a4e72d0581', 'neal.doyle@example.com', 'St', '2017-10-06 03:53:56');
INSERT INTO users (user_id, first_name, last_name, user_name, password, email, role, creation_date) VALUES ('1278', 'Reed Espinoza', 'Wyatt Peters', 'nathanial.rosenbaum', 'a9bce49d503f7a485af9534b723fa68f', 'israel.schmidt@example.com', 'St', '2017-06-25 03:42:50');
INSERT INTO users (user_id, first_name, last_name, user_name, password, email, role, creation_date) VALUES ('1130', 'Caitlin Leon', 'Donnie Nolan', 'jevon.collier', '798ac7747dc08ff33f4756a69613e308', 'randall.bowen@example.com', 'St', '2017-03-18 11:09:36');
INSERT INTO users (user_id, first_name, last_name, user_name, password, email, role, creation_date) VALUES ('883', 'Tyler McLaughli', 'Terence Britt', 'cedrick.kohler', '91af6288f32ec4c817b96758a857beb0', 'gilbert.bonner@example.com', 'St', '2017-07-01 10:06:11');
INSERT INTO users (user_id, first_name, last_name, user_name, password, email, role, creation_date) VALUES ('1149', 'Maryann Gillesp', 'Alice Collins', 'kellie.kuhic', 'e9e24e0592e40018eda795a803cfdb4d', 'dana.roy@example.com', 'St', '2017-09-11 09:12:44');
INSERT INTO users (user_id, first_name, last_name, user_name, password, email, role, creation_date) VALUES ('1078', 'Jamel Sims', 'Silas Bass', 'quincy.bahringer', '04b34d0ff2121a91a1c35f15065643f9', 'stephan.pacheco@example.com', 'St', '2016-12-11 05:46:21');
INSERT INTO users (user_id, first_name, last_name, user_name, password, email, role, creation_date) VALUES ('668', 'Glenn Ratliff', 'May McIntosh', 'everardo.little', '92d1a3a48a7908383d097ee197bec166', 'shannon.hancock@example.com', 'St', '2017-01-15 03:41:11');
INSERT INTO users (user_id, first_name, last_name, user_name, password, email, role, creation_date) VALUES ('138', 'Edwin Burnett', 'Chad Klein', 'dominique.connelly', '2e50399f58bb64d4acff264a9d9e4d78', 'andrew.mathis@example.com', 'St', '2017-07-22 12:38:27');
INSERT INTO users (user_id, first_name, last_name, user_name, password, email, role, creation_date) VALUES ('1497', 'Dante Campos', 'Veronica McDona', 'jerrell.schuster', '3356fcc3d48ab8e75e12247f6b36318d', 'jeri.santos@example.com', 'St', '2017-06-01 08:59:57');
INSERT INTO users (user_id, first_name, last_name, user_name, password, email, role, creation_date) VALUES ('904', 'Jean Goff', 'Cara Whitaker', 'esteban.feil', 'e827df42c02671669c2dbb7da743875f', 'scot.frye@example.com', 'St', '2017-03-13 01:45:52');
INSERT INTO users (user_id, first_name, last_name, user_name, password, email, role, creation_date) VALUES ('969', 'Jerald Decker', 'Valentin Dunlap', 'colby.walter', '801158884b10f4341ecbeca4cea54847', 'gregory.holden@example.com', 'St', '2016-12-14 01:41:34');
INSERT INTO users (user_id, first_name, last_name, user_name, password, email, role, creation_date) VALUES ('281', 'Maxine Morgan', 'Felipe Lyons', 'tom.beatty', '2f38fb63ef12ef90b9fab64cc6468af1', 'elizabeth.forbes@example.com', 'St', '2017-11-10 09:41:54');
INSERT INTO users (user_id, first_name, last_name, user_name, password, email, role, creation_date) VALUES ('706', 'Melody Holt', 'Randolph McLean', 'meggie.effertz', 'ca4a75a2fbbc8c49183b69bb00452e91', 'joy.mcintosh@example.com', 'St', '2017-05-07 01:14:47');
INSERT INTO users (user_id, first_name, last_name, user_name, password, email, role, creation_date) VALUES ('332', 'Carmen Hoover', 'Salvatore Chand', 'oral.schimmel', 'd8037bc5fe939200bc27ce80549970cc', 'summer.nielsen@example.com', 'St', '2017-07-07 12:18:32');
INSERT INTO users (user_id, first_name, last_name, user_name, password, email, role, creation_date) VALUES ('2011', 'Shawn Hutchinso', 'Elisabeth Carls', 'marcelina.halvorson', '53235f8096e58cf5af08e07b7158f1b5', 'amalia.munoz@example.com', 'St', '2017-01-31 06:16:44');
INSERT INTO users (user_id, first_name, last_name, user_name, password, email, role, creation_date) VALUES ('846', 'Mercedes Berry', 'Jame Workman', 'alfreda.koss', 'f9b23fe594aa4d8b36f1ed470bdff818', 'alan.lester@example.com', 'St', '2017-11-21 09:24:24');
INSERT INTO users (user_id, first_name, last_name, user_name, password, email, role, creation_date) VALUES ('254', 'Mohammed Harris', 'Michael Hebert', 'dwight.kirlin', '0751395a6864089c028819ea1997e8de', 'willa.burnett@example.com', 'St', '2017-11-23 09:48:32');
INSERT INTO users (user_id, first_name, last_name, user_name, password, email, role, creation_date) VALUES ('1862', 'Dale Frye', 'Hattie Gentry', 'sigrid.reichel', '693a6dc585a1f9d009ca125db49a8efc', 'owen.ramos@example.com', 'St', '2017-10-16 01:46:47');
INSERT INTO users (user_id, first_name, last_name, user_name, password, email, role, creation_date) VALUES ('1620', 'Ralph Dunn', 'Stefanie Merril', 'jessica.nader', 'd191a67de61a3a8777d1a09e12cf0587', 'chance.adkins@example.com', 'St', '2016-11-10 07:42:15');
INSERT INTO users (user_id, first_name, last_name, user_name, password, email, role, creation_date) VALUES ('1442', 'Loren Castaneda', 'Kent Hunt', 'augustine.beer', '30df36a9a152f74c02e7c34962821425', 'terence.padilla@example.com', 'St', '2017-06-26 01:32:39');
INSERT INTO users (user_id, first_name, last_name, user_name, password, email, role, creation_date) VALUES ('1327', 'Consuelo Kim', 'Theron Solis', 'declan.jacobson', 'b01fd4ffd60591d56f09f977815687c1', 'keri.riggs@example.com', 'St', '2016-12-05 10:57:16');
INSERT INTO users (user_id, first_name, last_name, user_name, password, email, role, creation_date) VALUES ('425', 'Dino Mack', 'Elvira Curry', 'gerard.strosin', '0caeb1bd6b6800bf979b0a30fd29a76f', 'dylan.bradford@example.com', 'St', '2017-10-01 05:40:11');

INSERT INTO course (course_id, course_name, course_level, course_type, course_status, estimated_duration, description, min_per_day, created_by, creation_date,  progress) VALUES ('Cor0000001PrIn20161102', 'Introduction to Marketing I', 'In', 'Pr', 'Fu', '64', 'Adipiscingpersecuti himenaeos detracto possit vituperatoribus fabellas id nisi iaculis labores has nulla id litora suspendisse contentiones senserit vestibulum.  Consequatlegere deserunt sodales primi', '8', '1297', '2016-11-02 08:33:36', '0.0');

INSERT INTO course (course_id, course_name, course_level, course_type, course_status, estimated_duration, description, min_per_day, created_by, creation_date,  progress) VALUES ('Cor0000002AcIn20161102', 'Image Design and Editing', 'In', 'Ac', 'Fu', '63', 'Laciniadicunt erat senserit nec amet facilisis dicunt legimus mediocritatem ultricies neque quisque mazim sumo wisi latine nam evertitur.  Habemuspersequeris mea dissentiunt interesset omnesque invidu', '5', '1297', '2016-11-02 08:33:36', '0.0');

INSERT INTO course (course_id, course_name, course_level, course_type, course_status, estimated_duration, description, min_per_day, created_by, creation_date,  progress) VALUES ('Cor0000003AcIn20161101', 'Introduction to Restaurant Management', 'In', 'Ac', 'Fu', '36', 'Leopretium lectus tristique similique conceptam perpetua convallis quas volumus ubique imperdiet eruditi vituperata habemus oporteat honestatis porro ligula.  Quaequenecessitatibus error aliquid vis m', '7', '1297', '2016-11-01 08:33:36', '0.0');

INSERT INTO course (course_id, course_name, course_level, course_type, course_status, estimated_duration, description, min_per_day, created_by, creation_date,  progress) VALUES ('Cor0000004PrAd20171006', 'Green Design and Technology', 'Ad', 'Pr', 'Fu', '14', 'Crasvelit sollicitudin te utamur mus integer discere vocibus vituperatoribus decore.  Suscipitepicurei vivendo vulputate vehicula aptent mea dui definitionem.  Sadipscingerror aliquet fuisset cursus. ', '10', '812', '2017-10-06 04:37:37', '0.0');
INSERT INTO course (course_id, course_name, course_level, course_type, course_status, estimated_duration, description, min_per_day, created_by, creation_date,  progress) VALUES ('Cor0000005AcAd20171002', 'Audio Engineering ', 'Ad', 'Ac', 'Fu', '20', 'Noutroque a equidem saepe cum viverra.  Persecutisociosqu maiorum sem nonumes etiam patrioque nobis labores est cetero convallis tamquam sed homero at nunc his audire posse.  Habeoreformidans nominavi', '14', '812', '2017-10-02 04:37:37', '0.0');

INSERT INTO course (course_id, course_name, course_level, course_type, course_status, estimated_duration, description, min_per_day, created_by, creation_date,  progress) VALUES ('Cor0000006AcAd20161202', 'Engineering Design/CAD', 'Ad', 'Ac', 'Fu', '25', 'Honestatisaptent lacinia fermentum sociosqu ligula postea ei ultrices class laoreet cubilia interesset neglegentur ullamcorper vocibus consequat agam appareat expetendis.  Euripidiselit risus eget cra', '11', '562', '2016-12-02 11:42:50', '0.0');
INSERT INTO course (course_id, course_name, course_level, course_type, course_status, estimated_duration, description, min_per_day, created_by, creation_date,  progress) VALUES ('Cor0000007AcBe20170418', 'Finding Your Path IV', 'Be', 'Ac', 'Fu', '43', 'Dictumstveritus pro reprimique tale ridiculus vel conclusionemque eirmod bibendum comprehensam.  Voluptariavel semper elementum dictum feugiat numquam ultricies alienum magna liber esse persius volupt', '7', '934', '2017-04-18 07:25:53', '0.0');

INSERT INTO course (course_id, course_name, course_level, course_type, course_status, estimated_duration, description, min_per_day, created_by, creation_date,  progress) VALUES ('Cor0000008PrBe20170417', 'Computer Fundamentals', 'Be', 'Pr', 'Fu', '24', 'Urbanitassolet utroque eu torquent feugait honestatis periculis facilisi posuere mucius agam option ridiculus maluisset eleifend sapientem platea pertinax.  Persecutielaboraret sociis pericula nonumes', '8', '934', '2017-04-17 07:25:53', '0.0');

INSERT INTO course (course_id, course_name, course_level, course_type, course_status, estimated_duration, description, min_per_day, created_by, creation_date,  progress) VALUES ('Cor0000009PrAd20170421', 'Introduction to Culinary Arts', 'Ad', 'Pr', 'Fu', '95', 'Duisjusto electram nostrum consequat veri interesset dicam audire oporteat.  Dicantbrute adversarium animal mnesarchum quo fusce elitr qui dapibus eos arcu facilisi.  Nullamdeserunt idque signiferumqu', '13', '934', '2017-04-21 07:25:53', '0.0');

INSERT INTO course (course_id, course_name, course_level, course_type, course_status, estimated_duration, description, min_per_day, created_by, creation_date,  progress) VALUES ('Cor0000010PrAd20170412', 'Law and Order', 'Ad', 'Pr', 'Fu', '13', 'Minimdictum adhuc ius mutat tritani molestie aeque quaeque penatibus pharetra arcu signiferumque in veri tempus natoque.  Putentvehicula mazim efficiantur nulla sit cu deterruisset noster putent dolor', '11', '1325', '2017-04-12 12:51:12', '0.0');

INSERT INTO course (course_id, course_name, course_level, course_type, course_status, estimated_duration, description, min_per_day, created_by, creation_date,  progress) VALUES ('Cor0000011PrIn20170413', 'Sports and Entertainment Marketing', 'In', 'Pr', 'Fu', '83', 'Persequerisconvallis sodales hinc taciti quaeque vituperata mentitum eum class cum tractatos has aliquid accumsan.  Alienumaltera aliquid est lorem quo option pertinacia prompta parturient menandri me', '9', '1325', '2017-04-13 12:51:12', '0.0');

INSERT INTO course (course_id, course_name, course_level, course_type, course_status, estimated_duration, description, min_per_day, created_by, creation_date,  progress) VALUES ('Cor0000012PrAd20170414', 'Introduction to Entrepreneurship I', 'Ad', 'Pr', 'Fu', '9', 'Verisem veritus condimentum offendit et decore facilis mollis torquent aeque parturient molestie eirmod dignissim hinc mel.  Nonumypossim morbi conubia his morbi doctus quaerendum in imperdiet esse qu', '11', '1970', '2017-04-14 03:27:49', '0.0');

INSERT INTO course (course_id, course_name, course_level, course_type, course_status, estimated_duration, description, min_per_day, created_by, creation_date,  progress) VALUES ('Cor0000013PrIn20170413', 'Introduction to Forestry and Natural Resources', 'In', 'Pr', 'Fu', '60', 'Dolorumfelis nominavi purus tortor.  Vimad autem graeci pellentesque ultricies legere persius elitr ut definiebas omittam autem.  Saperetpersequeris voluptatum auctor delenit dolores ipsum ludus numqu', '7', '1970', '2017-04-13 03:27:49', '0.0');

INSERT INTO course (course_id, course_name, course_level, course_type, course_status, estimated_duration, description, min_per_day, created_by, creation_date,  progress) VALUES ('Cor0000014PrBe20170415', 'Fashion and Interior Design', 'Be', 'Pr', 'Fu', '74', 'Doloremaliquam solum conclusionemque tacimates oratio omittam consul sagittis intellegat eius quam falli maiestatis luptatum maiorum vivamus quaeque dignissim.  Etiamarcu eu tritani mediocritatem ius ', '10', '1970', '2017-04-15 03:27:49', '0.0');

INSERT INTO course (course_id, course_name, course_level, course_type, course_status, estimated_duration, description, min_per_day, created_by, creation_date,  progress) VALUES ('Cor0000015AcAd20170416', 'Geography', 'Ad', 'Ac', 'Fu', '42', 'Homerooporteat homero justo inani rhoncus utamur lacinia tractatos tacimates definitiones pretium alia fermentum litora voluptatibus orci.  Affertdicit omnesque doming reformidans tractatos bibendum a', '7', '1970', '2017-04-16 03:27:49', '0.0');

INSERT INTO course (course_id, course_name, course_level, course_type, course_status, estimated_duration, description, min_per_day, created_by, creation_date,  progress) VALUES ('Cor0000016PrBe20170918', 'Modern U.S. History', 'Be', 'Pr', 'Fu', '48', 'Pertinaxhonestatis at.  Convenireatomorum sociis taciti lacus hinc fugit doctus.  Nontristique dolores. Rutrummalorum porro erroribus suscipiantur mus aenean qualisque saperet laoreet nobis antiopam', '13', '577', '2017-09-18 03:45:11', '0.0');

INSERT INTO course (course_id, course_name, course_level, course_type, course_status, estimated_duration, description, min_per_day, created_by, creation_date,  progress) VALUES ('Cor0000017AcBe20170919', 'Honors Modern World Studies', 'Be', 'Ac', 'Fu', '53', 'Affertrecteque persius nisl percipit ludus autem dolorum ocurreret eloquentiam viris est adipiscing eirmod nam primis mel donec detraxit signiferumque.  Fuscemontes iudicabit quod sociis alienum eius ', '5', '577', '2017-09-19 03:45:11', '0.0');

INSERT INTO course (course_id, course_name, course_level, course_type, course_status, estimated_duration, description, min_per_day, created_by, creation_date,  progress) VALUES ('Cor0000018PrIn20170919', 'AP U.S. Government and Politics', 'In', 'Pr', 'Fu', '85', 'Hisfacilisi mutat volumus delicata senectus accusata rhoncus massa explicari metus tincidunt scelerisque vivendo parturient fastidii.  Erroribusdictumst ocurreret eget iudicabit.  Dolorhimenaeos posue', '14', '577', '2017-09-19 03:45:11', '0.0');

INSERT INTO course (course_id, course_name, course_level, course_type, course_status, estimated_duration, description, min_per_day, created_by, creation_date,  progress) VALUES ('Cor0000019AcAd20170910', 'AP Microeconomics', 'Ad', 'Ac', 'Fu', '87', 'Quovidisse quam luctus inciderint hinc percipit ornatus eget.  Saperetlaudem volutpat quam viderer vehicula mazim nobis euripidis inciderint ex mucius arcu vero venenatis.  Dictaaliquip fastidii est a', '5', '345', '2017-09-10 10:35:01', '0.0');

INSERT INTO course (course_id, course_name, course_level, course_type, course_status, estimated_duration, description, min_per_day, created_by, creation_date,  progress) VALUES ('Cor0000020PrAd20170307', 'AP World History', 'Ad', 'Pr', 'Fu', '47', 'Repudiandaecurae sem.  Nostrabrute definiebas tota impetus ea dui inceptos diam harum necessitatibus quis persecuti libero possit urbanitas pulvinar.  Voluptatibusrepudiare sanctus postulant quaestio.', '12', '630', '2017-03-07 08:58:13', '0.0');

INSERT INTO course (course_id, course_name, course_level, course_type, course_status, estimated_duration, description, min_per_day, created_by, creation_date,  progress) VALUES ('Cor0000021PrAd20170311', 'Honors Earth Science', 'Ad', 'Pr', 'Fu', '93', 'Maecenasoporteat appareat errem suavitate ut aenean gravida taciti mandamus veri fusce sale magna.  Crassapientem delectus eius doctus postea neque epicurei platea fringilla dolor convenire nascetur t', '7', '630', '2017-03-11 08:58:13', '0.0');

INSERT INTO course (course_id, course_name, course_level, course_type, course_status, estimated_duration, description, min_per_day, created_by, creation_date,  progress) VALUES ('Cor0000022PrAd20170722', 'AP Environmental Science I', 'Ad', 'Pr', 'Fu', '50', 'Elitcongue conceptam aliquam ridiculus noluisse nihil mollis partiendo.  Vituperataqui prompta quaerendum numquam hac verterem omnesque cetero consetetur indoctum vituperata semper gravida dolor errem', '5', '791', '2017-07-22 03:17:44', '0.0');

INSERT INTO course (course_id, course_name, course_level, course_type, course_status, estimated_duration, description, min_per_day, created_by, creation_date,  progress) VALUES ('Cor0000023PrIn20170721', 'Introduction to Renewable Technologies', 'In', 'Pr', 'Fu', '31', 'Omittamquo simul.  Mentitumpossit assueverit elaboraret enim molestie.  Similiqueinimicus vocent neque consetetur euismod eget sententiae tibique vidisse sumo iriure odio odio sumo.  Nominaviurna utin', '7', '791', '2017-07-21 03:17:44', '0.0');

INSERT INTO course (course_id, course_name, course_level, course_type, course_status, estimated_duration, description, min_per_day, created_by, creation_date,  progress) VALUES ('Cor0000024AcAd20170723', 'Earth Science', 'Ad', 'Ac', 'Fu', '40', 'Delectushinc nihil graeco vel debet labores donec detracto postulant posuere adolescens indoctum esse vituperata habemus debet et sententiae corrumpit.  Domingiudicabit repudiare tellus reprehendunt s', '10', '791', '2017-07-23 03:17:44', '0.0');

INSERT INTO course (course_id, course_name, course_level, course_type, course_status, estimated_duration, description, min_per_day, created_by, creation_date,  progress) VALUES ('Cor0000025AcBe20170315', 'Environmental Science', 'Be', 'Ac', 'Fu', '34', 'Accommodareconstituam hac suspendisse felis molestiae.  Brutehis imperdiet pharetra persequeris dictum parturient elaboraret dicat adipisci. Facilisiseos ligula error referrentur quaestio signiferum', '11', '909', '2017-03-15 12:31:06', '0.0');

INSERT INTO course (course_id, course_name, course_level, course_type, course_status, estimated_duration, description, min_per_day, created_by, creation_date,  progress) VALUES ('Cor0000026AcAd20170424', 'Integrated Mathematics III', 'Ad', 'Ac', 'Fu', '72', 'Aptenthonestatis adolescens.  Deseruntindoctum posuere consequat dicunt bibendum minim mattis iuvaret dicit sonet veniam eam sagittis mutat dolore.  Singulisfacilis solum adversarium fames scelerisque', '12', '1739', '2017-04-24 06:53:34', '0.0');

INSERT INTO course (course_id, course_name, course_level, course_type, course_status, estimated_duration, description, min_per_day, created_by, creation_date,  progress) VALUES ('Cor0000027PrBe20170423', 'Pre-Algebra', 'Be', 'Pr', 'Fu', '69', 'Doloressumo potenti mediocritatem comprehensam eos vocibus.  Atomorumsuavitate aliquip veritus ubique.  Maluissetridens conceptam nulla suspendisse praesent aliquip litora rutrum deterruisset maiestat', '10', '1739', '2017-04-23 06:53:34', '0.0');

INSERT INTO course (course_id, course_name, course_level, course_type, course_status, estimated_duration, description, min_per_day, created_by, creation_date,  progress) VALUES ('Cor0000028AcIn20171217', 'Algebra I', 'In', 'Ac', 'Fu', '34', 'Convallislabores pro viris aeque legere vero scripta consectetur primis fames similique consectetur aliquet persecuti efficiantur. Atquiviris laudem has erroribus. Parturientprimis velit dictumst pr', '9', '1254', '2017-12-17 09:04:39', '0.0');

INSERT INTO course (course_id, course_name, course_level, course_type, course_status, estimated_duration, description, min_per_day, created_by, creation_date,  progress) VALUES ('Cor0000029PrBe20171214', 'Algebra II', 'Be', 'Pr', 'Fu', '75', 'Exmaiestatis tincidunt gloriatur leo.  Aliquetvituperatoribus gravida natum necessitatibus diam menandri molestie.
Senectusiaculis malorum electram reprimique quot utroque mei viris mediocritatem di', '6', '1254', '2017-12-14 09:04:39', '0.0');
INSERT INTO course (course_id, course_name, course_level, course_type, course_status, estimated_duration, description, min_per_day, created_by, creation_date,  progress) VALUES ('Cor0000030PrBe20171213', 'Integrated Mathematics II', 'Be', 'Pr', 'Fu', '62', 'Porroindoctum indoctum taciti tantas lacinia ceteros venenatis delenit gubergren autem platea graeci option cetero electram tempor.  Cunecessitatibus nonumy.  Oratioverear ornatus postea pericula plat', '12', '1254', '2017-12-13 09:04:39', '0.0');

INSERT INTO course (course_id, course_name, course_level, course_type, course_status, estimated_duration, description, min_per_day, created_by, creation_date,  progress) VALUES ('Cor0000031AcAd20171023', 'AP Environmental Science II', 'Ad', 'Ac', 'Fu', '95', 'Movetpetentium convenire constituam te dignissim est sadipscing postulant maximus deserunt mus ludus venenatis reprehendunt elit sapien ridiculus molestie.  Muciusalienum quam integer porro electram n', '8', '528', '2017-10-23 02:13:05', '0.0');

INSERT INTO course (course_id, course_name, course_level, course_type, course_status, estimated_duration, description, min_per_day, created_by, creation_date,  progress) VALUES ('Cor0000032PrBe20171022', 'Java SE', 'Be', 'Pr', 'Fu', '83', 'Porroius adolescens debet vituperatoribus saperet eirmod senectus nostra ridiculus vim suas periculis salutatus odio ocurreret ultrices inani.  Conclusionemquequot alienum suavitate reprehendunt suspe', '7', '528', '2017-10-22 02:13:05', '0.0');

INSERT INTO course (course_id, course_name, course_level, course_type, course_status, estimated_duration, description, min_per_day, created_by, creation_date,  progress) VALUES ('Cor0000033PrBe20171021', 'Java EE', 'Be', 'Pr', 'Fu', '89', 'Nullanumquam felis lacinia nascetur reprimique maximus has alia pertinacia graece reformidans wisi maluisset an utamur dicat tellus splendide delenit.  Iuvaretsenectus legere reprimique delectus adipi', '8', '617', '2017-10-21 09:44:52', '0.0');

INSERT INTO course (course_id, course_name, course_level, course_type, course_status, estimated_duration, description, min_per_day, created_by, creation_date,  progress) VALUES ('Cor0000034PrAd20171025', 'Hibernate', 'Ad', 'Pr', 'Fu', '35', 'Convenireinterdum id ocurreret tortor ius scripta massa vocibus meliore.  Pulvinarinciderint vitae ocurreret.  Risusscripserit nam iuvaret patrioque dui conceptam quas tibique utroque posuere vocent a', '10', '617', '2017-10-25 09:44:52', '0.0');

INSERT INTO course (course_id, course_name, course_level, course_type, course_status, estimated_duration, description, min_per_day, created_by, creation_date,  progress) VALUES ('Cor0000035PrBe20171025', 'Oracle Database', 'Be', 'Pr', 'Fu', '83', 'Adipiscingdonec iaculis risus litora duo tamquam menandri invenire partiendo mattis massa augue explicari molestiae parturient utinam.  Euripidisvidisse mea persius nisl malorum.  Vivendoutroque inter', '14', '617', '2017-10-25 09:44:52', '0.0');

INSERT INTO course (course_id, course_name, course_level, course_type, course_status, estimated_duration, description, min_per_day, created_by, creation_date,  progress) VALUES ('Cor0000036PrAd20170612', 'C++ Programming', 'Ad', 'Pr', 'Fu', '59', 'Indoctumpericulis vehicula sit.  Quodautem vituperatoribus alterum error orci patrioque laoreet graeco facilis vero causae tortor fringilla adhuc fusce tacimates pharetra labores. Velvulputate maies', '5', '1492', '2017-06-12 11:51:06', '0.0');

INSERT INTO course (course_id, course_name, course_level, course_type, course_status, estimated_duration, description, min_per_day, created_by, creation_date,  progress) VALUES ('Cor0000037PrBe20170614', 'Honors British and World Literature', 'Be', 'Pr', 'Fu', '11', 'Nobisnumquam senectus signiferumque nunc luctus risus cursus habemus prompta quaeque sociosqu sale quis an penatibus idque finibus graece tractatos.  Errornetus possit.  Detraxitdeterruisset lobortis ', '7', '1492', '2017-06-14 11:51:06', '0.0');

INSERT INTO course (course_id, course_name, course_level, course_type, course_status, estimated_duration, description, min_per_day, created_by, creation_date,  progress) VALUES ('Cor0000038AcBe20170616', 'American Literature', 'Be', 'Ac', 'Fu', '64', 'Possehimenaeos qualisque praesent similique epicurei lectus noster facilisis torquent quot sumo sapien dolorem congue doctus instructior vis posse.  Iuvaretaliquip principes possim oratio iaculis frin', '7', '1492', '2017-06-16 11:51:06', '0.0');

INSERT INTO course (course_id, course_name, course_level, course_type, course_status, estimated_duration, description, min_per_day, created_by, creation_date,  progress) VALUES ('Cor0000039AcAd20170613', 'English Foundations I', 'Ad', 'Ac', 'Fu', '78', 'Imperdietdicat mazim lacus ac duo detraxit.  Nonumesaliquet iuvaret interdum sapientem ipsum accumsan eros natoque intellegat gloriatur postulant.  Velittortor expetendis elementum aeque velit ultrice', '8', '1492', '2017-06-13 11:51:06', '0.0');

INSERT INTO course_pre_requisite (pre_requisite_id, course_id, pre_requisite_num, pre_requisite_name, pre_requisite_type, pre_requisite_url) VALUES ('1589', 'Cor0000001PrIn20161102', '1', 'Unweaving the Rainbow', 'Bo', 'www.elmo-herman.org');
INSERT INTO course_pre_requisite (pre_requisite_id, course_id, pre_requisite_num, pre_requisite_name, pre_requisite_type, pre_requisite_url) VALUES ('3353', 'Cor0000001PrIn20161102', '2', 'Fame Is the Spur', 'Bo', 'www.mac-altenwerth.name');
INSERT INTO course_pre_requisite (pre_requisite_id, course_id, pre_requisite_num, pre_requisite_name, pre_requisite_type, pre_requisite_url) VALUES ('90', 'Cor0000002AcIn20161102', '1', 'Carrion Comfort', 'Bo', 'www.mac-becker.io');
INSERT INTO course_pre_requisite (pre_requisite_id, course_id, pre_requisite_num, pre_requisite_name, pre_requisite_type, pre_requisite_url) VALUES ('414', 'Cor0000002AcIn20161102', '2', 'Now Sleeps the Crimson Petal', 'Bo', 'www.constantin-schoen.com');
INSERT INTO course_pre_requisite (pre_requisite_id, course_id, pre_requisite_num, pre_requisite_name, pre_requisite_type, pre_requisite_url) VALUES ('2344', 'Cor0000003AcIn20161101', '1', 'Associate Degree in Biomedical Science', 'Co', 'www.antonette-jaskolski.biz');
INSERT INTO course_pre_requisite (pre_requisite_id, course_id, pre_requisite_num, pre_requisite_name, pre_requisite_type, pre_requisite_url) VALUES ('2256', 'Cor0000004PrAd20171006', '1', 'Tiger! Tiger!', 'Bo', 'www.shanny-franecki.info');
INSERT INTO course_pre_requisite (pre_requisite_id, course_id, pre_requisite_num, pre_requisite_name, pre_requisite_type, pre_requisite_url) VALUES ('1035', 'Cor0000004PrAd20171006', '2', 'This Side of Paradise', 'Bo', 'www.oleta-jerde.io');
INSERT INTO course_pre_requisite (pre_requisite_id, course_id, pre_requisite_num, pre_requisite_name, pre_requisite_type, pre_requisite_url) VALUES ('3236', 'Cor0000004PrAd20171006', '3', 'Taming a Sea Horse', 'Bo', 'www.gerardo-bashirian.net');
INSERT INTO course_pre_requisite (pre_requisite_id, course_id, pre_requisite_num, pre_requisite_name, pre_requisite_type, pre_requisite_url) VALUES ('1747', 'Cor0000004PrAd20171006', '4', 'Master of Communications', 'Co', 'www.creola-quitzon.org');
INSERT INTO course_pre_requisite (pre_requisite_id, course_id, pre_requisite_num, pre_requisite_name, pre_requisite_type, pre_requisite_url) VALUES ('1734', 'Cor0000004PrAd20171006', '5', 'The Golden Bowl', 'Bo', 'www.audra-kutch.co');
INSERT INTO course_pre_requisite (pre_requisite_id, course_id, pre_requisite_num, pre_requisite_name, pre_requisite_type, pre_requisite_url) VALUES ('905', 'Cor0000005AcAd20171002', '1', 'Bachelor of Communications', 'Co', 'www.gerard-stamm.io');
INSERT INTO course_pre_requisite (pre_requisite_id, course_id, pre_requisite_num, pre_requisite_name, pre_requisite_type, pre_requisite_url) VALUES ('1428', 'Cor0000005AcAd20171002', '2', 'Little Hands Clapping', 'Bo', 'www.oral-spencer.co');
INSERT INTO course_pre_requisite (pre_requisite_id, course_id, pre_requisite_num, pre_requisite_name, pre_requisite_type, pre_requisite_url) VALUES ('2013', 'Cor0000006AcAd20161202', '1', 'No Longer at Ease', 'Bo', 'www.fletcher-krajcik.co');
INSERT INTO course_pre_requisite (pre_requisite_id, course_id, pre_requisite_num, pre_requisite_name, pre_requisite_type, pre_requisite_url) VALUES ('2829', 'Cor0000006AcAd20161202', '2', 'Bachelor of Information Systems', 'Co', 'www.savanna-mertz.com');
INSERT INTO course_pre_requisite (pre_requisite_id, course_id, pre_requisite_num, pre_requisite_name, pre_requisite_type, pre_requisite_url) VALUES ('2859', 'Cor0000006AcAd20161202', '3', 'Bachelor of Law', 'Co', 'www.nathanial-smitham.biz');
INSERT INTO course_pre_requisite (pre_requisite_id, course_id, pre_requisite_num, pre_requisite_name, pre_requisite_type, pre_requisite_url) VALUES ('757', 'Cor0000007AcBe20170418', '1', 'Bachelor of Biological Science', 'Co', 'www.eva-grady.org');
INSERT INTO course_pre_requisite (pre_requisite_id, course_id, pre_requisite_num, pre_requisite_name, pre_requisite_type, pre_requisite_url) VALUES ('892', 'Cor0000007AcBe20170418', '2', 'Bachelor of Engineering', 'Co', 'www.jerad-emmerich.name');
INSERT INTO course_pre_requisite (pre_requisite_id, course_id, pre_requisite_num, pre_requisite_name, pre_requisite_type, pre_requisite_url) VALUES ('1858', 'Cor0000007AcBe20170418', '3', 'Associate Degree in Design', 'Co', 'www.toni-durgan.biz');
INSERT INTO course_pre_requisite (pre_requisite_id, course_id, pre_requisite_num, pre_requisite_name, pre_requisite_type, pre_requisite_url) VALUES ('3536', 'Cor0000007AcBe20170418', '4', 'Bury My Heart at Wounded Knee', 'Bo', 'www.junius-hegmann.name');
INSERT INTO course_pre_requisite (pre_requisite_id, course_id, pre_requisite_num, pre_requisite_name, pre_requisite_type, pre_requisite_url) VALUES ('3150', 'Cor0000008PrBe20170417', '1', 'A Passage to India', 'Bo', 'www.edmond-walker.co');
INSERT INTO course_pre_requisite (pre_requisite_id, course_id, pre_requisite_num, pre_requisite_name, pre_requisite_type, pre_requisite_url) VALUES ('1978', 'Cor0000009PrAd20170421', '1', 'In a Glass Darkly', 'Bo', 'www.chance-schneider.info');
INSERT INTO course_pre_requisite (pre_requisite_id, course_id, pre_requisite_num, pre_requisite_name, pre_requisite_type, pre_requisite_url) VALUES ('1696', 'Cor0000009PrAd20170421', '2', 'Bachelor of Commerce', 'Co', 'www.armand-cartwright.name');
INSERT INTO course_pre_requisite (pre_requisite_id, course_id, pre_requisite_num, pre_requisite_name, pre_requisite_type, pre_requisite_url) VALUES ('2217', 'Cor0000009PrAd20170421', '3', 'Master of Nursing', 'Co', 'www.evan-graham.io');
INSERT INTO course_pre_requisite (pre_requisite_id, course_id, pre_requisite_num, pre_requisite_name, pre_requisite_type, pre_requisite_url) VALUES ('3047', 'Cor0000010PrAd20170412', '1', 'The Golden Apples of the Sun', 'Bo', 'www.ettie-bins.io');
INSERT INTO course_pre_requisite (pre_requisite_id, course_id, pre_requisite_num, pre_requisite_name, pre_requisite_type, pre_requisite_url) VALUES ('3802', 'Cor0000010PrAd20170412', '2', 'The Needle''s Eye', 'Bo', 'www.lacy-durgan.net');
INSERT INTO course_pre_requisite (pre_requisite_id, course_id, pre_requisite_num, pre_requisite_name, pre_requisite_type, pre_requisite_url) VALUES ('3327', 'Cor0000010PrAd20170412', '3', 'The Wings of the Dove', 'Bo', 'www.bridget-russel.com');
INSERT INTO course_pre_requisite (pre_requisite_id, course_id, pre_requisite_num, pre_requisite_name, pre_requisite_type, pre_requisite_url) VALUES ('3058', 'Cor0000011PrIn20170413', '1', 'Master of Law', 'Co', 'www.danika-aufderhar.info');
INSERT INTO course_pre_requisite (pre_requisite_id, course_id, pre_requisite_num, pre_requisite_name, pre_requisite_type, pre_requisite_url) VALUES ('2474', 'Cor0000011PrIn20170413', '2', 'To Say Nothing of the Dog', 'Bo', 'www.mauricio-prosacco.com');
INSERT INTO course_pre_requisite (pre_requisite_id, course_id, pre_requisite_num, pre_requisite_name, pre_requisite_type, pre_requisite_url) VALUES ('9', 'Cor0000011PrIn20170413', '3', 'Bachelor of Communications', 'Co', 'www.roxanne-hoppe.org');
INSERT INTO course_pre_requisite (pre_requisite_id, course_id, pre_requisite_num, pre_requisite_name, pre_requisite_type, pre_requisite_url) VALUES ('1745', 'Cor0000012PrAd20170414', '1', 'The Needle''s Eye', 'Bo', 'www.keeley-aufderhar.org');
INSERT INTO course_pre_requisite (pre_requisite_id, course_id, pre_requisite_num, pre_requisite_name, pre_requisite_type, pre_requisite_url) VALUES ('168', 'Cor0000012PrAd20170414', '2', 'The Line of Beauty', 'Bo', 'www.gracie-parisian.com');
INSERT INTO course_pre_requisite (pre_requisite_id, course_id, pre_requisite_num, pre_requisite_name, pre_requisite_type, pre_requisite_url) VALUES ('1513', 'Cor0000012PrAd20170414', '3', 'All Passion Spent', 'Bo', 'www.tyrell-schmidt.co');
INSERT INTO course_pre_requisite (pre_requisite_id, course_id, pre_requisite_num, pre_requisite_name, pre_requisite_type, pre_requisite_url) VALUES ('1834', 'Cor0000013PrIn20170413', '1', 'Jacob Have I Loved', 'Bo', 'www.karson-kulas.co');
INSERT INTO course_pre_requisite (pre_requisite_id, course_id, pre_requisite_num, pre_requisite_name, pre_requisite_type, pre_requisite_url) VALUES ('1412', 'Cor0000014PrBe20170415', '1', 'The Wind''s Twelve Quarters', 'Bo', 'www.francisca-windler.co');
INSERT INTO course_pre_requisite (pre_requisite_id, course_id, pre_requisite_num, pre_requisite_name, pre_requisite_type, pre_requisite_url) VALUES ('3291', 'Cor0000014PrBe20170415', '2', 'Associate Degree in Nursing', 'Co', 'www.alyson-grant.io');
INSERT INTO course_pre_requisite (pre_requisite_id, course_id, pre_requisite_num, pre_requisite_name, pre_requisite_type, pre_requisite_url) VALUES ('1840', 'Cor0000014PrBe20170415', '3', 'Bachelor of Medicine', 'Co', 'www.vallie-connelly.com');
INSERT INTO course_pre_requisite (pre_requisite_id, course_id, pre_requisite_num, pre_requisite_name, pre_requisite_type, pre_requisite_url) VALUES ('3891', 'Cor0000014PrBe20170415', '4', 'Bachelor of Education', 'Co', 'www.cierra-yundt.com');
INSERT INTO course_pre_requisite (pre_requisite_id, course_id, pre_requisite_num, pre_requisite_name, pre_requisite_type, pre_requisite_url) VALUES ('1923', 'Cor0000014PrBe20170415', '5', 'Bachelor of Commerce', 'Co', 'www.nils-hudson.org');
INSERT INTO course_pre_requisite (pre_requisite_id, course_id, pre_requisite_num, pre_requisite_name, pre_requisite_type, pre_requisite_url) VALUES ('3216', 'Cor0000015AcAd20170416', '1', 'Let Us Now Praise Famous Men', 'Bo', 'www.earl-bosco.io');
INSERT INTO course_pre_requisite (pre_requisite_id, course_id, pre_requisite_num, pre_requisite_name, pre_requisite_type, pre_requisite_url) VALUES ('2864', 'Cor0000016PrBe20170918', '1', 'The Last Temptation', 'Bo', 'www.marcella-dicki.org');
INSERT INTO course_pre_requisite (pre_requisite_id, course_id, pre_requisite_num, pre_requisite_name, pre_requisite_type, pre_requisite_url) VALUES ('175', 'Cor0000017AcBe20170919', '1', 'The Doors of Perception', 'Bo', 'www.erik-dickens.net');
INSERT INTO course_pre_requisite (pre_requisite_id, course_id, pre_requisite_num, pre_requisite_name, pre_requisite_type, pre_requisite_url) VALUES ('2637', 'Cor0000017AcBe20170919', '2', 'Course of Law', 'Co', 'www.stewart-ziemann.org');
INSERT INTO course_pre_requisite (pre_requisite_id, course_id, pre_requisite_num, pre_requisite_name, pre_requisite_type, pre_requisite_url) VALUES ('1783', 'Cor0000018PrIn20170919', '1', 'Associate Degree in Engineering', 'Co', 'www.javon-herzog.name');
INSERT INTO course_pre_requisite (pre_requisite_id, course_id, pre_requisite_num, pre_requisite_name, pre_requisite_type, pre_requisite_url) VALUES ('2087', 'Cor0000019AcAd20170910', '1', 'I Know Why the Caged Bird Sings', 'Bo', 'www.sean-mclaughlin.net');
INSERT INTO course_pre_requisite (pre_requisite_id, course_id, pre_requisite_num, pre_requisite_name, pre_requisite_type, pre_requisite_url) VALUES ('2411', 'Cor0000020PrAd20170307', '1', 'Bachelor of Information Systems', 'Co', 'www.julianne-kreiger.biz');
INSERT INTO course_pre_requisite (pre_requisite_id, course_id, pre_requisite_num, pre_requisite_name, pre_requisite_type, pre_requisite_url) VALUES ('374', 'Cor0000020PrAd20170307', '2', 'Bachelor of Information Systems', 'Co', 'www.cory-sporer.name');
INSERT INTO course_pre_requisite (pre_requisite_id, course_id, pre_requisite_num, pre_requisite_name, pre_requisite_type, pre_requisite_url) VALUES ('2958', 'Cor0000020PrAd20170307', '3', 'The Wings of the Dove', 'Bo', 'www.veda-wisoky.co');
INSERT INTO course_pre_requisite (pre_requisite_id, course_id, pre_requisite_num, pre_requisite_name, pre_requisite_type, pre_requisite_url) VALUES ('3753', 'Cor0000020PrAd20170307', '4', 'The Other Side of Silence', 'Bo', 'www.myah-mertz.io');
INSERT INTO course_pre_requisite (pre_requisite_id, course_id, pre_requisite_num, pre_requisite_name, pre_requisite_type, pre_requisite_url) VALUES ('2092', 'Cor0000020PrAd20170307', '5', 'Moab Is My Washpot', 'Bo', 'www.douglas-glover.biz');
INSERT INTO course_pre_requisite (pre_requisite_id, course_id, pre_requisite_num, pre_requisite_name, pre_requisite_type, pre_requisite_url) VALUES ('894', 'Cor0000021PrAd20170311', '1', 'Carrion Comfort', 'Bo', 'www.carlie-collier.com');
INSERT INTO course_pre_requisite (pre_requisite_id, course_id, pre_requisite_num, pre_requisite_name, pre_requisite_type, pre_requisite_url) VALUES ('3841', 'Cor0000021PrAd20170311', '2', 'The Golden Apples of the Sun', 'Bo', 'www.veronica-corwin.io');
INSERT INTO course_pre_requisite (pre_requisite_id, course_id, pre_requisite_num, pre_requisite_name, pre_requisite_type, pre_requisite_url) VALUES ('2074', 'Cor0000021PrAd20170311', '3', 'Consider Phlebas', 'Bo', 'www.jerad-pfannerstill.info');
INSERT INTO course_pre_requisite (pre_requisite_id, course_id, pre_requisite_num, pre_requisite_name, pre_requisite_type, pre_requisite_url) VALUES ('1561', 'Cor0000021PrAd20170311', '4', 'The Heart Is a Lonely Hunter', 'Bo', 'www.lucy-jakubowski.io');
INSERT INTO course_pre_requisite (pre_requisite_id, course_id, pre_requisite_num, pre_requisite_name, pre_requisite_type, pre_requisite_url) VALUES ('1568', 'Cor0000022PrAd20170722', '1', 'Eyeless in Gaza', 'Bo', 'www.chelsea-upton.io');
INSERT INTO course_pre_requisite (pre_requisite_id, course_id, pre_requisite_num, pre_requisite_name, pre_requisite_type, pre_requisite_url) VALUES ('1758', 'Cor0000022PrAd20170722', '2', 'Master of Biomedical Science', 'Co', 'www.crawford-mcglynn.name');
INSERT INTO course_pre_requisite (pre_requisite_id, course_id, pre_requisite_num, pre_requisite_name, pre_requisite_type, pre_requisite_url) VALUES ('1585', 'Cor0000023PrIn20170721', '1', 'A Confederacy of Dunces', 'Bo', 'www.gabriella-collier.com');
INSERT INTO course_pre_requisite (pre_requisite_id, course_id, pre_requisite_num, pre_requisite_name, pre_requisite_type, pre_requisite_url) VALUES ('2877', 'Cor0000024AcAd20170723', '1', 'Little Hands Clapping', 'Bo', 'www.alfredo-beahan.com');
INSERT INTO course_pre_requisite (pre_requisite_id, course_id, pre_requisite_num, pre_requisite_name, pre_requisite_type, pre_requisite_url) VALUES ('3005', 'Cor0000024AcAd20170723', '2', 'Associate Degree in Nursing', 'Co', 'www.cleora-okuneva.net');
INSERT INTO course_pre_requisite (pre_requisite_id, course_id, pre_requisite_num, pre_requisite_name, pre_requisite_type, pre_requisite_url) VALUES ('2557', 'Cor0000024AcAd20170723', '3', 'Terrible Swift Sword', 'Bo', 'www.neha-thompson.com');
INSERT INTO course_pre_requisite (pre_requisite_id, course_id, pre_requisite_num, pre_requisite_name, pre_requisite_type, pre_requisite_url) VALUES ('3105', 'Cor0000024AcAd20170723', '4', 'A Many-Splendoured Thing', 'Bo', 'www.keagan-keeling.co');
INSERT INTO course_pre_requisite (pre_requisite_id, course_id, pre_requisite_num, pre_requisite_name, pre_requisite_type, pre_requisite_url) VALUES ('1004', 'Cor0000025AcBe20170315', '1', 'Behold the Man', 'Bo', 'www.aylin-kozey.biz');
INSERT INTO course_pre_requisite (pre_requisite_id, course_id, pre_requisite_num, pre_requisite_name, pre_requisite_type, pre_requisite_url) VALUES ('811', 'Cor0000026AcAd20170424', '1', 'Antic Hay', 'Bo', 'www.ethan-fisher.com');
INSERT INTO course_pre_requisite (pre_requisite_id, course_id, pre_requisite_num, pre_requisite_name, pre_requisite_type, pre_requisite_url) VALUES ('3387', 'Cor0000027PrBe20170423', '1', 'Master of Communications', 'Co', 'www.janiya-gulgowski.name');
INSERT INTO course_pre_requisite (pre_requisite_id, course_id, pre_requisite_num, pre_requisite_name, pre_requisite_type, pre_requisite_url) VALUES ('1141', 'Cor0000027PrBe20170423', '2', 'Specimen Days', 'Bo', 'www.rosetta-quitzon.co');
INSERT INTO course_pre_requisite (pre_requisite_id, course_id, pre_requisite_num, pre_requisite_name, pre_requisite_type, pre_requisite_url) VALUES ('1272', 'Cor0000028AcIn20171217', '1', 'The Way Through the Woods', 'Bo', 'www.dewayne-hettinger.info');
INSERT INTO course_pre_requisite (pre_requisite_id, course_id, pre_requisite_num, pre_requisite_name, pre_requisite_type, pre_requisite_url) VALUES ('317', 'Cor0000029PrBe20171214', '1', 'Bachelor of Architectural Technology', 'Co', 'www.scotty-daniel.com');
INSERT INTO course_pre_requisite (pre_requisite_id, course_id, pre_requisite_num, pre_requisite_name, pre_requisite_type, pre_requisite_url) VALUES ('1674', 'Cor0000029PrBe20171214', '2', 'Bachelor of Biological Science', 'Co', 'www.aaron-hane.com');
INSERT INTO course_pre_requisite (pre_requisite_id, course_id, pre_requisite_num, pre_requisite_name, pre_requisite_type, pre_requisite_url) VALUES ('2383', 'Cor0000029PrBe20171214', '3', 'Master of Commerce', 'Co', 'www.callie-weissnat.org');
INSERT INTO course_pre_requisite (pre_requisite_id, course_id, pre_requisite_num, pre_requisite_name, pre_requisite_type, pre_requisite_url) VALUES ('2172', 'Cor0000029PrBe20171214', '4', 'As I Lay Dying', 'Bo', 'www.lauren-schinner.net');
INSERT INTO course_pre_requisite (pre_requisite_id, course_id, pre_requisite_num, pre_requisite_name, pre_requisite_type, pre_requisite_url) VALUES ('2362', 'Cor0000029PrBe20171214', '5', 'East of Eden', 'Bo', 'www.armani-satterfield.io');
INSERT INTO course_pre_requisite (pre_requisite_id, course_id, pre_requisite_num, pre_requisite_name, pre_requisite_type, pre_requisite_url) VALUES ('442', 'Cor0000030PrBe20171213', '1', 'Associate Degree in Biomedical Science', 'Co', 'www.daphne-mosciski.name');
INSERT INTO course_pre_requisite (pre_requisite_id, course_id, pre_requisite_num, pre_requisite_name, pre_requisite_type, pre_requisite_url) VALUES ('2874', 'Cor0000030PrBe20171213', '2', 'Associate Degree in Medicine', 'Co', 'www.saul-jerde.co');
INSERT INTO course_pre_requisite (pre_requisite_id, course_id, pre_requisite_num, pre_requisite_name, pre_requisite_type, pre_requisite_url) VALUES ('619', 'Cor0000031AcAd20171023', '1', 'By Grand Central Station I Sat Down and Wept', 'Bo', 'www.annalise-quigley.net');
INSERT INTO course_pre_requisite (pre_requisite_id, course_id, pre_requisite_num, pre_requisite_name, pre_requisite_type, pre_requisite_url) VALUES ('971', 'Cor0000031AcAd20171023', '2', 'Fame Is the Spur', 'Bo', 'www.terence-howell.org');
INSERT INTO course_pre_requisite (pre_requisite_id, course_id, pre_requisite_num, pre_requisite_name, pre_requisite_type, pre_requisite_url) VALUES ('2201', 'Cor0000031AcAd20171023', '3', 'Master of Communications', 'Co', 'www.natasha-kiehn.biz');
INSERT INTO course_pre_requisite (pre_requisite_id, course_id, pre_requisite_num, pre_requisite_name, pre_requisite_type, pre_requisite_url) VALUES ('795', 'Cor0000032PrBe20171022', '1', 'Bachelor of Arts', 'Co', 'www.verda-kertzmann.biz');
INSERT INTO course_pre_requisite (pre_requisite_id, course_id, pre_requisite_num, pre_requisite_name, pre_requisite_type, pre_requisite_url) VALUES ('898', 'Cor0000032PrBe20171022', '2', 'Bachelor of Commerce', 'Co', 'www.christophe-donnelly.net');
INSERT INTO course_pre_requisite (pre_requisite_id, course_id, pre_requisite_num, pre_requisite_name, pre_requisite_type, pre_requisite_url) VALUES ('2063', 'Cor0000032PrBe20171022', '3', 'Associate Degree in Biomedical Science', 'Co', 'www.sydnee-reynolds.name');
INSERT INTO course_pre_requisite (pre_requisite_id, course_id, pre_requisite_num, pre_requisite_name, pre_requisite_type, pre_requisite_url) VALUES ('2241', 'Cor0000033PrBe20171021', '1', 'Absalom, Absalom!', 'Bo', 'www.keenan-welch.com');
INSERT INTO course_pre_requisite (pre_requisite_id, course_id, pre_requisite_num, pre_requisite_name, pre_requisite_type, pre_requisite_url) VALUES ('2016', 'Cor0000033PrBe20171021', '2', 'Behold the Man', 'Bo', 'www.cali-kuphal.name');
INSERT INTO course_pre_requisite (pre_requisite_id, course_id, pre_requisite_num, pre_requisite_name, pre_requisite_type, pre_requisite_url) VALUES ('2830', 'Cor0000033PrBe20171021', '3', 'Dance Dance Dance', 'Bo', 'www.colleen-feil.net');
INSERT INTO course_pre_requisite (pre_requisite_id, course_id, pre_requisite_num, pre_requisite_name, pre_requisite_type, pre_requisite_url) VALUES ('3142', 'Cor0000033PrBe20171021', '4', 'No Pre-Requisite is good', 'Co', 'www.jarrod-oreilly.name');
INSERT INTO course_pre_requisite (pre_requisite_id, course_id, pre_requisite_num, pre_requisite_name, pre_requisite_type, pre_requisite_url) VALUES ('3458', 'Cor0000033PrBe20171021', '5', 'Cabbages and Kings', 'Bo', 'www.noble-bergnaum.info');
INSERT INTO course_pre_requisite (pre_requisite_id, course_id, pre_requisite_num, pre_requisite_name, pre_requisite_type, pre_requisite_url) VALUES ('3859', 'Cor0000034PrAd20171025', '1', 'Associate Degree in Nursing', 'Co', 'www.kirstin-monahan.co');
INSERT INTO course_pre_requisite (pre_requisite_id, course_id, pre_requisite_num, pre_requisite_name, pre_requisite_type, pre_requisite_url) VALUES ('1291', 'Cor0000034PrAd20171025', '2', 'Fear and Trembling', 'Bo', 'www.jeramy-pouros.io');
INSERT INTO course_pre_requisite (pre_requisite_id, course_id, pre_requisite_num, pre_requisite_name, pre_requisite_type, pre_requisite_url) VALUES ('2953', 'Cor0000034PrAd20171025', '3', 'A Handful of Dust', 'Bo', 'www.jeramie-runte.info');
INSERT INTO course_pre_requisite (pre_requisite_id, course_id, pre_requisite_num, pre_requisite_name, pre_requisite_type, pre_requisite_url) VALUES ('2502', 'Cor0000035PrBe20171025', '1', 'A Time to Kill', 'Bo', 'www.rodger-treutel.name');
INSERT INTO course_pre_requisite (pre_requisite_id, course_id, pre_requisite_num, pre_requisite_name, pre_requisite_type, pre_requisite_url) VALUES ('518', 'Cor0000035PrBe20171025', '2', 'Master of Medicine', 'Co', 'www.evie-morar.com');
INSERT INTO course_pre_requisite (pre_requisite_id, course_id, pre_requisite_num, pre_requisite_name, pre_requisite_type, pre_requisite_url) VALUES ('2212', 'Cor0000036PrAd20170612', '1', 'Everything is Illuminated', 'Bo', 'www.imani-smith.co');
INSERT INTO course_pre_requisite (pre_requisite_id, course_id, pre_requisite_num, pre_requisite_name, pre_requisite_type, pre_requisite_url) VALUES ('3075', 'Cor0000036PrAd20170612', '2', 'In Death Ground', 'Bo', 'www.abbigail-walker.io');
INSERT INTO course_pre_requisite (pre_requisite_id, course_id, pre_requisite_num, pre_requisite_name, pre_requisite_type, pre_requisite_url) VALUES ('1328', 'Cor0000036PrAd20170612', '3', 'Associate Degree in Criminology', 'Co', 'www.america-wehner.co');
INSERT INTO course_pre_requisite (pre_requisite_id, course_id, pre_requisite_num, pre_requisite_name, pre_requisite_type, pre_requisite_url) VALUES ('1089', 'Cor0000036PrAd20170612', '4', 'Bachelor of Biomedical Science', 'Co', 'www.austin-collins.info');
INSERT INTO course_pre_requisite (pre_requisite_id, course_id, pre_requisite_num, pre_requisite_name, pre_requisite_type, pre_requisite_url) VALUES ('782', 'Cor0000036PrAd20170612', '5', 'For a Breath I Tarry', 'Bo', 'www.nicola-goodwin.org');
INSERT INTO course_pre_requisite (pre_requisite_id, course_id, pre_requisite_num, pre_requisite_name, pre_requisite_type, pre_requisite_url) VALUES ('109', 'Cor0000037PrBe20170614', '1', 'The Torment of Others', 'Bo', 'www.antwon-kemmer.biz');
INSERT INTO course_pre_requisite (pre_requisite_id, course_id, pre_requisite_num, pre_requisite_name, pre_requisite_type, pre_requisite_url) VALUES ('327', 'Cor0000037PrBe20170614', '2', 'Associate Degree in Forensic Science', 'Co', 'www.clifford-cremin.org');
INSERT INTO course_pre_requisite (pre_requisite_id, course_id, pre_requisite_num, pre_requisite_name, pre_requisite_type, pre_requisite_url) VALUES ('2512', 'Cor0000037PrBe20170614', '3', 'Bachelor of Communications', 'Co', 'www.jerrold-nienow.info');
INSERT INTO course_pre_requisite (pre_requisite_id, course_id, pre_requisite_num, pre_requisite_name, pre_requisite_type, pre_requisite_url) VALUES ('3061', 'Cor0000037PrBe20170614', '4', 'Communication Fibers', 'Co', 'www.jensen-grimes.info');
INSERT INTO course_pre_requisite (pre_requisite_id, course_id, pre_requisite_num, pre_requisite_name, pre_requisite_type, pre_requisite_url) VALUES ('2997', 'Cor0000037PrBe20170614', '5', 'Master of Information Systems', 'Co', 'www.eladio-stroman.org');
INSERT INTO course_pre_requisite (pre_requisite_id, course_id, pre_requisite_num, pre_requisite_name, pre_requisite_type, pre_requisite_url) VALUES ('195', 'Cor0000038AcBe20170616', '1', 'If I Forget Thee Jerusalem', 'Bo', 'www.rogers-kuphal.net');
INSERT INTO course_pre_requisite (pre_requisite_id, course_id, pre_requisite_num, pre_requisite_name, pre_requisite_type, pre_requisite_url) VALUES ('1914', 'Cor0000038AcBe20170616', '2', 'Bachelor of Communications', 'Co', 'www.abbigail-hilpert.co');
INSERT INTO course_pre_requisite (pre_requisite_id, course_id, pre_requisite_num, pre_requisite_name, pre_requisite_type, pre_requisite_url) VALUES ('2944', 'Cor0000038AcBe20170616', '3', 'Master of Criminology', 'Co', 'www.keven-lehner.net');
INSERT INTO course_pre_requisite (pre_requisite_id, course_id, pre_requisite_num, pre_requisite_name, pre_requisite_type, pre_requisite_url) VALUES ('3590', 'Cor0000038AcBe20170616', '4', 'Bachelor of Psychology', 'Co', 'www.kirk-dare.org');
INSERT INTO course_pre_requisite (pre_requisite_id, course_id, pre_requisite_num, pre_requisite_name, pre_requisite_type, pre_requisite_url) VALUES ('2680', 'Cor0000038AcBe20170616', '5', 'Bachelor of Psychology', 'Co', 'www.arvilla-kutch.biz');
INSERT INTO course_pre_requisite (pre_requisite_id, course_id, pre_requisite_num, pre_requisite_name, pre_requisite_type, pre_requisite_url) VALUES ('1575', 'Cor0000039AcAd20170613', '1', 'Master of Commerce', 'Co', 'www.addie-mante.info');
INSERT INTO course_pre_requisite (pre_requisite_id, course_id, pre_requisite_num, pre_requisite_name, pre_requisite_type, pre_requisite_url) VALUES ('3661', 'Cor0000039AcAd20170613', '2', 'The Parliament of Man', 'Bo', 'www.priscilla-kuhn.co');
INSERT INTO course_pre_requisite (pre_requisite_id, course_id, pre_requisite_num, pre_requisite_name, pre_requisite_type, pre_requisite_url) VALUES ('2171', 'Cor0000039AcAd20170613', '3', 'A Time of Gifts', 'Bo', 'www.marcelo-klein.info');
INSERT INTO course_pre_requisite (pre_requisite_id, course_id, pre_requisite_num, pre_requisite_name, pre_requisite_type, pre_requisite_url) VALUES ('2551', 'Cor0000039AcAd20170613', '4', 'Shall not Perish', 'Bo', 'www.evelyn-powlowski.co');

INSERT INTO course_reference (reference_id, course_id, reference_num, reference_name, reference_type, reference_url) VALUES ('432', 'Cor0000001PrIn20161102', '1', 'Frequent Hearses', 'Bo', 'www.mckenzie-breitenberg.info');
INSERT INTO course_reference (reference_id, course_id, reference_num, reference_name, reference_type, reference_url) VALUES ('3300', 'Cor0000002AcIn20161102', '1', 'This is the best Game', 'Co', 'www.breanna-weissnat.com');
INSERT INTO course_reference (reference_id, course_id, reference_num, reference_name, reference_type, reference_url) VALUES ('1033', 'Cor0000002AcIn20161102', '2', 'Associate Degree in Criminology', 'Co', 'www.sofia-reynolds.info');
INSERT INTO course_reference (reference_id, course_id, reference_num, reference_name, reference_type, reference_url) VALUES ('1178', 'Cor0000002AcIn20161102', '3', 'Behold the Man', 'Bo', 'www.margarita-klein.co');
INSERT INTO course_reference (reference_id, course_id, reference_num, reference_name, reference_type, reference_url) VALUES ('1746', 'Cor0000002AcIn20161102', '4', 'Bachelor of Forensic Science', 'Co', 'www.domenic-gerlach.org');
INSERT INTO course_reference (reference_id, course_id, reference_num, reference_name, reference_type, reference_url) VALUES ('2571', 'Cor0000003AcIn20161101', '1', 'Associate Degree in Education', 'Co', 'www.willard-schmidt.co');
INSERT INTO course_reference (reference_id, course_id, reference_num, reference_name, reference_type, reference_url) VALUES ('967', 'Cor0000003AcIn20161101', '2', 'A Handful of Dust', 'Bo', 'www.fermin-considine.co');
INSERT INTO course_reference (reference_id, course_id, reference_num, reference_name, reference_type, reference_url) VALUES ('2311', 'Cor0000003AcIn20161101', '3', 'A Time of Gifts', 'Bo', 'www.fritz-ullrich.co');
INSERT INTO course_reference (reference_id, course_id, reference_num, reference_name, reference_type, reference_url) VALUES ('3376', 'Cor0000003AcIn20161101', '4', 'Tirra Lirra by the River', 'Bo', 'www.ines-haley.name');
INSERT INTO course_reference (reference_id, course_id, reference_num, reference_name, reference_type, reference_url) VALUES ('442', 'Cor0000003AcIn20161101', '5', 'The Painted Veil', 'Bo', 'www.marilyne-miller.org');
INSERT INTO course_reference (reference_id, course_id, reference_num, reference_name, reference_type, reference_url) VALUES ('862', 'Cor0000004PrAd20171006', '1', 'Bachelor of Communications', 'Co', 'www.abner-kulas.org');
INSERT INTO course_reference (reference_id, course_id, reference_num, reference_name, reference_type, reference_url) VALUES ('680', 'Cor0000004PrAd20171006', '2', 'Ah, Wilderness!', 'Bo', 'www.sherman-harvey.biz');
INSERT INTO course_reference (reference_id, course_id, reference_num, reference_name, reference_type, reference_url) VALUES ('996', 'Cor0000004PrAd20171006', '3', 'For a Breath I Tarry', 'Bo', 'www.bianka-mraz.info');
INSERT INTO course_reference (reference_id, course_id, reference_num, reference_name, reference_type, reference_url) VALUES ('1836', 'Cor0000005AcAd20171002', '1', 'Associate Degree in Information Systems', 'Co', 'www.edmond-nader.info');
INSERT INTO course_reference (reference_id, course_id, reference_num, reference_name, reference_type, reference_url) VALUES ('2113', 'Cor0000005AcAd20171002', '2', 'Fame Is the Spur', 'Bo', 'www.cooper-dickens.co');
INSERT INTO course_reference (reference_id, course_id, reference_num, reference_name, reference_type, reference_url) VALUES ('900', 'Cor0000006AcAd20161202', '1', 'A Summer Bird-Cage', 'Bo', 'www.providenci-bergnaum.net');
INSERT INTO course_reference (reference_id, course_id, reference_num, reference_name, reference_type, reference_url) VALUES ('2945', 'Cor0000006AcAd20161202', '2', 'Associate Degree in Medicine', 'Co', 'www.michael-spencer.name');
INSERT INTO course_reference (reference_id, course_id, reference_num, reference_name, reference_type, reference_url) VALUES ('3771', 'Cor0000006AcAd20161202', '3', 'Bachelor of Commerce', 'Co', 'www.elvera-bernier.co');
INSERT INTO course_reference (reference_id, course_id, reference_num, reference_name, reference_type, reference_url) VALUES ('2834', 'Cor0000007AcBe20170418', '1', 'An Instant In The Wind', 'Bo', 'www.antonetta-powlowski.com');
INSERT INTO course_reference (reference_id, course_id, reference_num, reference_name, reference_type, reference_url) VALUES ('49', 'Cor0000007AcBe20170418', '2', 'If I Forget Thee Jerusalem', 'Bo', 'www.jasper-pfeffer.net');
INSERT INTO course_reference (reference_id, course_id, reference_num, reference_name, reference_type, reference_url) VALUES ('1141', 'Cor0000007AcBe20170418', '3', 'Edna O''Brien', 'Bo', 'www.terence-block.biz');
INSERT INTO course_reference (reference_id, course_id, reference_num, reference_name, reference_type, reference_url) VALUES ('791', 'Cor0000008PrBe20170417', '1', 'Blood''s a Rover', 'Bo', 'www.kadin-runolfsson.org');
INSERT INTO course_reference (reference_id, course_id, reference_num, reference_name, reference_type, reference_url) VALUES ('2957', 'Cor0000008PrBe20170417', '2', 'Master of Architectural Technology', 'Co', 'www.eulah-herman.biz');
INSERT INTO course_reference (reference_id, course_id, reference_num, reference_name, reference_type, reference_url) VALUES ('1015', 'Cor0000008PrBe20170417', '3', 'Frequent Hearses', 'Bo', 'www.nestor-watsica.name');
INSERT INTO course_reference (reference_id, course_id, reference_num, reference_name, reference_type, reference_url) VALUES ('883', 'Cor0000008PrBe20170417', '4', 'An Acceptable Time', 'Bo', 'www.ara-reinger.name');
INSERT INTO course_reference (reference_id, course_id, reference_num, reference_name, reference_type, reference_url) VALUES ('2039', 'Cor0000008PrBe20170417', '5', 'Bachelor of Business', 'Co', 'www.veronica-effertz.name');
INSERT INTO course_reference (reference_id, course_id, reference_num, reference_name, reference_type, reference_url) VALUES ('2385', 'Cor0000009PrAd20170421', '1', 'O Pioneers!', 'Bo', 'www.stacey-haag.net');
INSERT INTO course_reference (reference_id, course_id, reference_num, reference_name, reference_type, reference_url) VALUES ('381', 'Cor0000009PrAd20170421', '2', 'Associate Degree in Information Systems', 'Co', 'www.tremayne-oconnell.net');
INSERT INTO course_reference (reference_id, course_id, reference_num, reference_name, reference_type, reference_url) VALUES ('2849', 'Cor0000009PrAd20170421', '3', 'The Painted Veil', 'Bo', 'www.duncan-hane.biz');
INSERT INTO course_reference (reference_id, course_id, reference_num, reference_name, reference_type, reference_url) VALUES ('69', 'Cor0000009PrAd20170421', '4', 'Associate Degree in Engineering', 'Co', 'www.marge-denesik.io');
INSERT INTO course_reference (reference_id, course_id, reference_num, reference_name, reference_type, reference_url) VALUES ('2785', 'Cor0000010PrAd20170412', '1', 'Bachelor of Computer Science', 'Co', 'www.ernest-schulist.io');
INSERT INTO course_reference (reference_id, course_id, reference_num, reference_name, reference_type, reference_url) VALUES ('1640', 'Cor0000010PrAd20170412', '2', 'You are my Reference', 'Co', 'www.marcellus-heidenreich.io');
INSERT INTO course_reference (reference_id, course_id, reference_num, reference_name, reference_type, reference_url) VALUES ('3709', 'Cor0000010PrAd20170412', '3', 'Of Mice and Men', 'Bo', 'www.lilla-ullrich.io');
INSERT INTO course_reference (reference_id, course_id, reference_num, reference_name, reference_type, reference_url) VALUES ('2920', 'Cor0000010PrAd20170412', '4', 'Tirra Lirra by the River', 'Bo', 'www.dejuan-wintheiser.org');
INSERT INTO course_reference (reference_id, course_id, reference_num, reference_name, reference_type, reference_url) VALUES ('2412', 'Cor0000011PrIn20170413', '1', 'Bachelor of Engineering', 'Co', 'www.robbie-trantow.com');
INSERT INTO course_reference (reference_id, course_id, reference_num, reference_name, reference_type, reference_url) VALUES ('1354', 'Cor0000012PrAd20170414', '1', 'Waiting for the Barbarians', 'Bo', 'www.nicolette-bahringer.co');
INSERT INTO course_reference (reference_id, course_id, reference_num, reference_name, reference_type, reference_url) VALUES ('635', 'Cor0000012PrAd20170414', '2', 'Bachelor of Commerce', 'Co', 'www.charlene-reichel.io');
INSERT INTO course_reference (reference_id, course_id, reference_num, reference_name, reference_type, reference_url) VALUES ('3493', 'Cor0000012PrAd20170414', '3', 'Of Mice and Men', 'Bo', 'www.jessika-mayert.com');
INSERT INTO course_reference (reference_id, course_id, reference_num, reference_name, reference_type, reference_url) VALUES ('44', 'Cor0000013PrIn20170413', '1', 'Where Angels Fear to Tread', 'Bo', 'www.brannon-hettinger.biz');
INSERT INTO course_reference (reference_id, course_id, reference_num, reference_name, reference_type, reference_url) VALUES ('3202', 'Cor0000014PrBe20170415', '1', 'The Soldier''s Art', 'Bo', 'www.chanel-collins.name');
INSERT INTO course_reference (reference_id, course_id, reference_num, reference_name, reference_type, reference_url) VALUES ('2674', 'Cor0000014PrBe20170415', '2', 'Fame Is the Spur', 'Bo', 'www.winifred-rowe.co');
INSERT INTO course_reference (reference_id, course_id, reference_num, reference_name, reference_type, reference_url) VALUES ('2701', 'Cor0000014PrBe20170415', '3', 'Master of Commerce', 'Co', 'www.ed-lesch.io');
INSERT INTO course_reference (reference_id, course_id, reference_num, reference_name, reference_type, reference_url) VALUES ('933', 'Cor0000014PrBe20170415', '4', 'Bachelor of Applied Science (Psychology)', 'Co', 'www.wilfrid-ebert.info');
INSERT INTO course_reference (reference_id, course_id, reference_num, reference_name, reference_type, reference_url) VALUES ('3292', 'Cor0000015AcAd20170416', '1', 'Master of Commerce', 'Co', 'www.jimmie-lowe.org');
INSERT INTO course_reference (reference_id, course_id, reference_num, reference_name, reference_type, reference_url) VALUES ('1883', 'Cor0000015AcAd20170416', '2', 'I Know Why the Caged Bird Sings', 'Bo', 'www.pearline-heller.org');
INSERT INTO course_reference (reference_id, course_id, reference_num, reference_name, reference_type, reference_url) VALUES ('3283', 'Cor0000015AcAd20170416', '3', 'Master of Psychology', 'Co', 'www.rosamond-daugherty.info');
INSERT INTO course_reference (reference_id, course_id, reference_num, reference_name, reference_type, reference_url) VALUES ('101', 'Cor0000015AcAd20170416', '4', 'The Millstone', 'Bo', 'www.johnnie-ondricka.co');
INSERT INTO course_reference (reference_id, course_id, reference_num, reference_name, reference_type, reference_url) VALUES ('2976', 'Cor0000016PrBe20170918', '1', 'Master of Psychology', 'Co', 'www.flavio-weissnat.net');
INSERT INTO course_reference (reference_id, course_id, reference_num, reference_name, reference_type, reference_url) VALUES ('2143', 'Cor0000016PrBe20170918', '2', 'I like football', 'Co', 'www.haven-lang.name');
INSERT INTO course_reference (reference_id, course_id, reference_num, reference_name, reference_type, reference_url) VALUES ('2270', 'Cor0000016PrBe20170918', '3', 'In Death Ground', 'Bo', 'www.rhianna-mayer.name');
INSERT INTO course_reference (reference_id, course_id, reference_num, reference_name, reference_type, reference_url) VALUES ('3512', 'Cor0000017AcBe20170919', '1', 'Master of Arts', 'Co', 'www.arch-wisoky.co');
INSERT INTO course_reference (reference_id, course_id, reference_num, reference_name, reference_type, reference_url) VALUES ('1855', 'Cor0000018PrIn20170919', '1', 'The Mermaids Singing', 'Bo', 'www.ava-rutherford.co');
INSERT INTO course_reference (reference_id, course_id, reference_num, reference_name, reference_type, reference_url) VALUES ('3574', 'Cor0000019AcAd20170910', '1', 'Master of Law', 'Co', 'www.aurelio-moen.net');
INSERT INTO course_reference (reference_id, course_id, reference_num, reference_name, reference_type, reference_url) VALUES ('305', 'Cor0000019AcAd20170910', '2', 'Master of Arts', 'Co', 'www.ervin-marks.co');
INSERT INTO course_reference (reference_id, course_id, reference_num, reference_name, reference_type, reference_url) VALUES ('2418', 'Cor0000019AcAd20170910', '3', 'Antic Hay', 'Bo', 'www.baby-satterfield.biz');
INSERT INTO course_reference (reference_id, course_id, reference_num, reference_name, reference_type, reference_url) VALUES ('1758', 'Cor0000020PrAd20170307', '1', 'A Time of Gifts', 'Bo', 'www.hulda-monahan.net');
INSERT INTO course_reference (reference_id, course_id, reference_num, reference_name, reference_type, reference_url) VALUES ('3621', 'Cor0000020PrAd20170307', '2', 'I Sing the Body Electric', 'Bo', 'www.sedrick-botsford.io');
INSERT INTO course_reference (reference_id, course_id, reference_num, reference_name, reference_type, reference_url) VALUES ('980', 'Cor0000020PrAd20170307', '3', 'Bachelor of Nursing', 'Co', 'www.marie-wunsch.com');
INSERT INTO course_reference (reference_id, course_id, reference_num, reference_name, reference_type, reference_url) VALUES ('57', 'Cor0000021PrAd20170311', '1', 'Bachelor of Business', 'Co', 'www.madison-stanton.net');
INSERT INTO course_reference (reference_id, course_id, reference_num, reference_name, reference_type, reference_url) VALUES ('3475', 'Cor0000022PrAd20170722', '1', 'Shall not Perish', 'Bo', 'www.filiberto-nicolas.org');
INSERT INTO course_reference (reference_id, course_id, reference_num, reference_name, reference_type, reference_url) VALUES ('3445', 'Cor0000022PrAd20170722', '2', 'Master of Law', 'Co', 'www.faustino-schiller.name');
INSERT INTO course_reference (reference_id, course_id, reference_num, reference_name, reference_type, reference_url) VALUES ('2719', 'Cor0000022PrAd20170722', '3', 'In a Dry Season', 'Bo', 'www.ariel-graham.com');
INSERT INTO course_reference (reference_id, course_id, reference_num, reference_name, reference_type, reference_url) VALUES ('2958', 'Cor0000022PrAd20170722', '4', 'To Sail Beyond the Sunset', 'Bo', 'www.francis-beier.io');
INSERT INTO course_reference (reference_id, course_id, reference_num, reference_name, reference_type, reference_url) VALUES ('1020', 'Cor0000022PrAd20170722', '5', 'Bachelor of Criminology', 'Co', 'www.buster-muller.io');
INSERT INTO course_reference (reference_id, course_id, reference_num, reference_name, reference_type, reference_url) VALUES ('611', 'Cor0000023PrIn20170721', '1', 'Associate Degree in Medicine', 'Co', 'www.alvera-white.name');
INSERT INTO course_reference (reference_id, course_id, reference_num, reference_name, reference_type, reference_url) VALUES ('19', 'Cor0000024AcAd20170723', '1', 'Master of Nursing', 'Co', 'www.brad-veum.org');
INSERT INTO course_reference (reference_id, course_id, reference_num, reference_name, reference_type, reference_url) VALUES ('3322', 'Cor0000024AcAd20170723', '2', 'I Know Why the Caged Bird Sings', 'Bo', 'www.pearline-orn.com');
INSERT INTO course_reference (reference_id, course_id, reference_num, reference_name, reference_type, reference_url) VALUES ('2586', 'Cor0000024AcAd20170723', '3', 'That Hideous Strength', 'Bo', 'www.anais-schmitt.biz');
INSERT INTO course_reference (reference_id, course_id, reference_num, reference_name, reference_type, reference_url) VALUES ('3259', 'Cor0000024AcAd20170723', '4', 'Jesting Pilate', 'Bo', 'www.brennan-connelly.co');
INSERT INTO course_reference (reference_id, course_id, reference_num, reference_name, reference_type, reference_url) VALUES ('3422', 'Cor0000024AcAd20170723', '5', 'No Highway', 'Bo', 'www.sanford-bosco.net');
INSERT INTO course_reference (reference_id, course_id, reference_num, reference_name, reference_type, reference_url) VALUES ('2891', 'Cor0000025AcBe20170315', '1', 'Associate Degree in Biomedical Science', 'Co', 'www.jamal-hilpert.com');
INSERT INTO course_reference (reference_id, course_id, reference_num, reference_name, reference_type, reference_url) VALUES ('1692', 'Cor0000025AcBe20170315', '2', 'The World, the Flesh and the Devil', 'Bo', 'www.delpha-cummerata.io');
INSERT INTO course_reference (reference_id, course_id, reference_num, reference_name, reference_type, reference_url) VALUES ('1677', 'Cor0000026AcAd20170424', '1', 'The Moving Toyshop', 'Bo', 'www.alison-mitchell.io');
INSERT INTO course_reference (reference_id, course_id, reference_num, reference_name, reference_type, reference_url) VALUES ('3766', 'Cor0000026AcAd20170424', '2', 'Master of Architectural Technology', 'Co', 'www.rickie-brekke.biz');
INSERT INTO course_reference (reference_id, course_id, reference_num, reference_name, reference_type, reference_url) VALUES ('3151', 'Cor0000026AcAd20170424', '3', 'Bachelor of Commerce', 'Co', 'www.mylene-monahan.org');
INSERT INTO course_reference (reference_id, course_id, reference_num, reference_name, reference_type, reference_url) VALUES ('909', 'Cor0000026AcAd20170424', '4', 'Associate Degree in Arts', 'Co', 'www.hassan-pfeffer.biz');
INSERT INTO course_reference (reference_id, course_id, reference_num, reference_name, reference_type, reference_url) VALUES ('3053', 'Cor0000026AcAd20170424', '5', 'Master of Nursing', 'Co', 'www.camden-ondricka.org');
INSERT INTO course_reference (reference_id, course_id, reference_num, reference_name, reference_type, reference_url) VALUES ('1259', 'Cor0000027PrBe20170423', '1', 'Master of Commerce', 'Co', 'www.garnet-quigley.co');
INSERT INTO course_reference (reference_id, course_id, reference_num, reference_name, reference_type, reference_url) VALUES ('1812', 'Cor0000027PrBe20170423', '2', 'Look to Windward', 'Bo', 'www.london-schimmel.name');
INSERT INTO course_reference (reference_id, course_id, reference_num, reference_name, reference_type, reference_url) VALUES ('825', 'Cor0000027PrBe20170423', '3', 'Maha is a good Teacher', 'Co', 'www.savannah-keebler.com');
INSERT INTO course_reference (reference_id, course_id, reference_num, reference_name, reference_type, reference_url) VALUES ('2637', 'Cor0000028AcIn20171217', '1', 'Associate Degree in Design', 'Co', 'www.prudence-gerlach.net');
INSERT INTO course_reference (reference_id, course_id, reference_num, reference_name, reference_type, reference_url) VALUES ('2452', 'Cor0000028AcIn20171217', '2', 'Rami like his colleges', 'Co', 'www.americo-okuneva.com');
INSERT INTO course_reference (reference_id, course_id, reference_num, reference_name, reference_type, reference_url) VALUES ('3844', 'Cor0000028AcIn20171217', '3', 'Far From the Madding Crowd', 'Bo', 'www.jan-romaguera.io');
INSERT INTO course_reference (reference_id, course_id, reference_num, reference_name, reference_type, reference_url) VALUES ('2186', 'Cor0000029PrBe20171214', '1', 'Master of Forensic Science', 'Co', 'www.parker-towne.name');
INSERT INTO course_reference (reference_id, course_id, reference_num, reference_name, reference_type, reference_url) VALUES ('1834', 'Cor0000029PrBe20171214', '2', 'Bachelor of Biological Science', 'Co', 'www.louvenia-breitenberg.com');
INSERT INTO course_reference (reference_id, course_id, reference_num, reference_name, reference_type, reference_url) VALUES ('2389', 'Cor0000030PrBe20171213', '1', 'Associate Degree in Medicine', 'Co', 'www.alysson-cassin.co');
INSERT INTO course_reference (reference_id, course_id, reference_num, reference_name, reference_type, reference_url) VALUES ('1119', 'Cor0000030PrBe20171213', '2', 'Precious Bane', 'Bo', 'www.emmett-hand.com');
INSERT INTO course_reference (reference_id, course_id, reference_num, reference_name, reference_type, reference_url) VALUES ('1155', 'Cor0000030PrBe20171213', '3', 'Bachelor of Communications', 'Co', 'www.desmond-robel.name');
INSERT INTO course_reference (reference_id, course_id, reference_num, reference_name, reference_type, reference_url) VALUES ('3615', 'Cor0000030PrBe20171213', '4', 'A Confederacy of Dunces', 'Bo', 'www.cindy-upton.net');
INSERT INTO course_reference (reference_id, course_id, reference_num, reference_name, reference_type, reference_url) VALUES ('916', 'Cor0000031AcAd20171023', '1', 'I Know Why the Caged Bird Sings', 'Bo', 'www.marilou-mckenzie.info');
INSERT INTO course_reference (reference_id, course_id, reference_num, reference_name, reference_type, reference_url) VALUES ('2744', 'Cor0000031AcAd20171023', '2', 'Associate Degree in Medicine', 'Co', 'www.danika-conroy.io');
INSERT INTO course_reference (reference_id, course_id, reference_num, reference_name, reference_type, reference_url) VALUES ('1960', 'Cor0000032PrBe20171022', '1', 'The Wives of Bath', 'Bo', 'www.nelle-wuckert.co');
INSERT INTO course_reference (reference_id, course_id, reference_num, reference_name, reference_type, reference_url) VALUES ('572', 'Cor0000033PrBe20171021', '1', 'Antic Hay', 'Bo', 'www.miguel-lemke.biz');
INSERT INTO course_reference (reference_id, course_id, reference_num, reference_name, reference_type, reference_url) VALUES ('269', 'Cor0000034PrAd20171025', '1', 'Bachelor of Nursing', 'Co', 'www.elinor-murphy.info');
INSERT INTO course_reference (reference_id, course_id, reference_num, reference_name, reference_type, reference_url) VALUES ('2618', 'Cor0000034PrAd20171025', '2', 'Such, Such Were the Joys', 'Bo', 'www.jade-zboncak.org');
INSERT INTO course_reference (reference_id, course_id, reference_num, reference_name, reference_type, reference_url) VALUES ('735', 'Cor0000035PrBe20171025', '1', 'Dance Dance Dance', 'Bo', 'www.dorthy-parisian.biz');
INSERT INTO course_reference (reference_id, course_id, reference_num, reference_name, reference_type, reference_url) VALUES ('836', 'Cor0000035PrBe20171025', '2', 'We are happy to play', 'Co', 'www.jimmy-lehner.co');
INSERT INTO course_reference (reference_id, course_id, reference_num, reference_name, reference_type, reference_url) VALUES ('1092', 'Cor0000035PrBe20171025', '3', 'Tiger! Tiger!', 'Bo', 'www.mylene-jacobson.com');
INSERT INTO course_reference (reference_id, course_id, reference_num, reference_name, reference_type, reference_url) VALUES ('1724', 'Cor0000035PrBe20171025', '4', 'O Pioneers!', 'Bo', 'www.sydnee-schaefer.net');
INSERT INTO course_reference (reference_id, course_id, reference_num, reference_name, reference_type, reference_url) VALUES ('2013', 'Cor0000035PrBe20171025', '5', 'Master of Architectural Technology', 'Co', 'www.arvel-orn.name');
INSERT INTO course_reference (reference_id, course_id, reference_num, reference_name, reference_type, reference_url) VALUES ('3299', 'Cor0000036PrAd20170612', '1', 'Nine Coaches Waiting', 'Bo', 'www.rowland-glover.io');
INSERT INTO course_reference (reference_id, course_id, reference_num, reference_name, reference_type, reference_url) VALUES ('3871', 'Cor0000036PrAd20170612', '2', 'Associate Degree in Biomedical Science', 'Co', 'www.cordelia-mante.org');
INSERT INTO course_reference (reference_id, course_id, reference_num, reference_name, reference_type, reference_url) VALUES ('798', 'Cor0000037PrBe20170614', '1', 'Master of Design', 'Co', 'www.curt-marks.org');
INSERT INTO course_reference (reference_id, course_id, reference_num, reference_name, reference_type, reference_url) VALUES ('1888', 'Cor0000038AcBe20170616', '1', 'Master of Computer Science', 'Co', 'www.cathryn-dooley.co');
INSERT INTO course_reference (reference_id, course_id, reference_num, reference_name, reference_type, reference_url) VALUES ('1821', 'Cor0000038AcBe20170616', '2', 'Ahmed is Good boy', 'Co', 'www.jaren-hintz.name');
INSERT INTO course_reference (reference_id, course_id, reference_num, reference_name, reference_type, reference_url) VALUES ('956', 'Cor0000038AcBe20170616', '3', 'Bachelor of Criminology', 'Co', 'www.robert-beatty.name');
INSERT INTO course_reference (reference_id, course_id, reference_num, reference_name, reference_type, reference_url) VALUES ('3229', 'Cor0000038AcBe20170616', '4', 'Bachelor of Criminology', 'Co', 'www.heath-haag.name');
INSERT INTO course_reference (reference_id, course_id, reference_num, reference_name, reference_type, reference_url) VALUES ('1999', 'Cor0000038AcBe20170616', '5', 'Gone with the Wind', 'Bo', 'www.lamont-pollich.io');
INSERT INTO course_reference (reference_id, course_id, reference_num, reference_name, reference_type, reference_url) VALUES ('175', 'Cor0000039AcAd20170613', '1', 'Bachelor of Arts', 'Co', 'www.odell-hauck.io');
INSERT INTO course_reference (reference_id, course_id, reference_num, reference_name, reference_type, reference_url) VALUES ('1886', 'Cor0000039AcAd20170613', '2', 'Down to a Sunless Sea', 'Bo', 'www.gunnar-wolff.io');
INSERT INTO course_reference (reference_id, course_id, reference_num, reference_name, reference_type, reference_url) VALUES ('132', 'Cor0000039AcAd20170613', '3', 'The Wives of Bath', 'Bo', 'www.shea-yost.org');
INSERT INTO course_reference (reference_id, course_id, reference_num, reference_name, reference_type, reference_url) VALUES ('2175', 'Cor0000039AcAd20170613', '4', 'Master of Education', 'Co', 'www.alene-stark.biz');
INSERT INTO course_reference (reference_id, course_id, reference_num, reference_name, reference_type, reference_url) VALUES ('1660', 'Cor0000039AcAd20170613', '5', 'Gone with the Wind', 'Bo', 'www.bert-luettgen.name');

